# Time, setPoint, Actual Brake Current, MotorCurrent, MotorSpeed, trials: 6 , atrials: 0 , pts: 150 , timeLength: 3.00
0.00,3.41,2.20,6.96,3.86
0.01,3.41,4.90,1.26,3.88
nan,nan,nan,nan,nan
0.02,3.41,2.20,0.06,4.33
0.03,3.41,3.80,0.06,4.62
nan,nan,nan,nan,nan
0.04,3.41,2.80,0.06,4.50
0.05,3.41,3.80,0.12,4.39
nan,nan,nan,nan,nan
0.06,3.41,5.50,1.44,4.29
nan,nan,nan,nan,nan
0.08,3.41,4.40,1.20,4.22
0.09,3.41,2.80,0.00,4.31
nan,nan,nan,nan,nan
0.10,3.41,1.10,0.06,4.31
0.11,3.41,3.80,0.00,4.31
nan,nan,nan,nan,nan
0.12,3.41,1.70,1.32,4.22
nan,nan,nan,nan,nan
0.13,3.41,4.90,1.14,4.22
0.14,3.41,2.80,0.00,4.24
nan,nan,nan,nan,nan
0.15,3.41,5.50,1.08,4.24
0.16,3.41,3.30,0.06,4.35
nan,nan,nan,nan,nan
0.17,3.41,3.80,0.12,4.35
nan,nan,nan,nan,nan
0.18,3.41,5.50,1.62,4.26
0.19,3.41,1.10,1.02,4.26
nan,nan,nan,nan,nan
0.20,3.41,4.90,0.06,4.37
0.21,3.41,2.80,1.62,4.35
nan,nan,nan,nan,nan
0.22,3.41,2.20,0.06,4.35
0.23,3.41,2.20,0.06,4.35
nan,nan,nan,nan,nan
0.24,3.41,4.40,1.14,4.29
nan,nan,nan,nan,nan
0.26,3.41,4.40,0.96,4.29
0.27,3.41,4.90,1.02,4.26
nan,nan,nan,nan,nan
0.28,3.41,2.20,0.00,4.37
nan,nan,nan,nan,nan
0.29,3.41,3.80,1.14,4.37
0.30,3.41,6.60,0.06,4.39
nan,nan,nan,nan,nan
0.31,3.41,4.90,1.08,4.37
0.32,3.41,1.70,1.08,4.37
nan,nan,nan,nan,nan
0.33,3.41,0.60,0.00,4.45
0.34,3.41,1.70,0.06,4.45
nan,nan,nan,nan,nan
0.35,3.41,6.60,1.08,4.43
nan,nan,nan,nan,nan
0.36,3.41,6.00,1.02,4.43
0.37,3.41,3.30,0.06,4.52
nan,nan,nan,nan,nan
0.38,3.41,3.80,0.00,4.54
0.39,3.41,3.30,1.98,4.43
nan,nan,nan,nan,nan
0.40,3.41,3.30,1.08,4.41
nan,nan,nan,nan,nan
0.41,3.41,4.90,0.06,4.50
0.42,3.41,2.20,0.00,4.58
nan,nan,nan,nan,nan
0.43,3.41,2.80,0.06,4.58
0.44,3.41,4.90,0.06,4.56
nan,nan,nan,nan,nan
0.46,3.41,3.80,1.08,4.48
0.47,3.41,4.90,1.02,4.48
nan,nan,nan,nan,nan
0.48,3.41,6.60,1.02,4.45
0.49,3.41,4.90,1.08,4.45
nan,nan,nan,nan,nan
0.50,3.41,1.70,0.12,4.54
nan,nan,nan,nan,nan
0.51,3.41,1.70,1.08,4.52
0.52,3.41,2.20,0.18,4.60
nan,nan,nan,nan,nan
0.53,3.41,3.30,0.00,4.60
0.54,3.41,2.80,1.80,4.52
nan,nan,nan,nan,nan
0.55,3.41,3.80,1.08,4.50
0.56,3.41,2.80,1.08,4.50
nan,nan,nan,nan,nan
0.57,3.41,1.70,1.02,4.48
nan,nan,nan,nan,nan
0.58,3.41,1.70,0.12,4.56
0.59,3.41,4.40,1.08,4.54
nan,nan,nan,nan,nan
0.60,3.41,4.40,0.06,4.62
0.61,3.41,3.80,1.98,4.54
nan,nan,nan,nan,nan
0.62,3.41,2.20,0.06,4.62
0.63,3.41,4.40,0.06,4.71
nan,nan,nan,nan,nan
0.64,3.41,3.80,0.12,4.69
nan,nan,nan,nan,nan
0.65,3.41,1.70,2.04,4.56
0.66,3.41,1.10,1.08,4.56
0.67,3.41,2.80,0.06,4.65
nan,nan,nan,nan,nan
0.68,3.41,2.80,1.02,4.62
nan,nan,nan,nan,nan
0.69,3.41,2.80,0.00,4.73
0.71,3.41,4.90,0.00,4.71
nan,nan,nan,nan,nan
0.72,3.41,2.20,1.08,4.69
0.73,3.41,4.40,1.68,4.56
nan,nan,nan,nan,nan
0.74,3.41,2.80,0.72,4.58
nan,nan,nan,nan,nan
0.75,3.41,3.30,0.00,4.75
nan,nan,nan,nan,nan
0.76,3.41,2.80,0.06,4.73
0.77,3.41,4.40,1.20,4.71
nan,nan,nan,nan,nan
0.78,3.41,2.20,0.06,4.71
0.79,3.41,-0.50,1.08,4.69
nan,nan,nan,nan,nan
0.80,3.41,2.80,1.08,4.67
nan,nan,nan,nan,nan
0.82,3.41,2.80,1.02,4.67
0.83,3.41,0.60,0.06,4.75
nan,nan,nan,nan,nan
0.84,3.41,2.20,0.96,4.73
0.85,3.41,1.10,1.02,4.71
nan,nan,nan,nan,nan
0.86,3.41,3.80,0.12,4.79
0.87,3.41,2.80,1.02,4.75
nan,nan,nan,nan,nan
0.88,3.41,4.90,1.02,4.73
0.89,3.41,2.20,1.02,4.71
nan,nan,nan,nan,nan
0.90,3.41,3.80,1.02,4.69
nan,nan,nan,nan,nan
0.91,3.41,3.30,0.12,4.77
0.92,3.41,6.00,1.14,4.75
nan,nan,nan,nan,nan
0.93,3.41,2.20,1.02,4.73
0.94,3.41,6.00,0.96,4.73
nan,nan,nan,nan,nan
0.95,3.41,6.00,1.08,4.71
0.96,3.41,4.40,0.06,4.77
nan,nan,nan,nan,nan
0.97,3.41,4.90,0.06,4.86
nan,nan,nan,nan,nan
0.98,3.41,2.80,0.06,4.84
0.99,3.41,3.80,1.98,4.71
nan,nan,nan,nan,nan
1.00,3.41,3.80,1.02,4.69
1.01,3.41,3.80,0.12,4.75
nan,nan,nan,nan,nan
1.02,3.41,2.80,0.96,4.75
1.03,3.41,2.20,0.00,4.84
nan,nan,nan,nan,nan
1.04,3.41,2.20,0.00,4.82
1.05,3.41,1.10,1.14,4.77
nan,nan,nan,nan,nan
1.06,3.41,3.80,1.92,4.67
1.07,3.41,4.40,0.06,4.73
nan,nan,nan,nan,nan
1.08,3.41,5.50,1.02,4.71
nan,nan,nan,nan,nan
1.09,3.41,4.40,0.12,4.79
1.10,3.41,2.80,1.14,4.77
nan,nan,nan,nan,nan
1.11,3.41,4.90,1.08,4.75
1.12,3.41,3.30,0.18,4.82
nan,nan,nan,nan,nan
1.13,3.41,1.70,0.96,4.79
1.14,3.41,0.00,1.08,4.77
nan,nan,nan,nan,nan
1.15,3.41,2.80,0.00,4.84
1.16,3.41,3.80,1.20,4.82
nan,nan,nan,nan,nan
1.17,3.41,7.10,0.06,4.88
1.18,3.41,2.20,0.06,4.86
nan,nan,nan,nan,nan
1.19,3.41,2.20,1.08,4.82
1.21,3.41,1.70,1.14,4.82
nan,nan,nan,nan,nan
1.22,3.41,5.50,1.08,4.79
1.23,3.41,3.80,0.06,4.88
nan,nan,nan,nan,nan
1.24,3.41,3.30,1.14,4.84
nan,nan,nan,nan,nan
1.25,3.41,4.90,1.08,4.82
1.26,3.41,8.20,0.96,4.79
nan,nan,nan,nan,nan
1.27,3.41,1.70,1.02,4.77
1.28,3.41,3.80,0.06,4.84
nan,nan,nan,nan,nan
1.29,3.41,2.80,1.02,4.84
1.30,3.41,5.50,1.08,4.82
nan,nan,nan,nan,nan
1.31,3.41,0.60,0.00,4.88
1.32,3.41,2.20,0.06,4.94
nan,nan,nan,nan,nan
1.33,3.41,2.20,0.06,4.92
1.34,3.41,1.10,2.16,4.79
nan,nan,nan,nan,nan
1.35,3.41,3.80,1.02,4.75
1.36,3.41,2.20,0.00,4.84
nan,nan,nan,nan,nan
1.37,3.41,3.80,0.96,4.82
1.38,3.41,5.50,0.66,4.77
nan,nan,nan,nan,nan
1.39,3.41,3.30,0.00,4.86
nan,nan,nan,nan,nan
1.40,3.41,2.20,0.06,4.92
1.41,3.41,4.90,1.14,4.90
nan,nan,nan,nan,nan
1.42,3.41,1.70,1.02,4.86
1.43,3.41,3.80,1.02,4.86
nan,nan,nan,nan,nan
1.44,3.41,5.50,1.08,4.84
nan,nan,nan,nan,nan
1.45,3.41,4.40,0.00,4.90
1.46,3.41,2.80,1.08,4.88
nan,nan,nan,nan,nan
1.47,3.41,2.80,0.06,4.94
1.48,3.41,3.30,1.02,4.90
nan,nan,nan,nan,nan
1.50,3.41,2.20,0.06,4.90
1.51,3.41,1.10,1.14,4.86
nan,nan,nan,nan,nan
1.52,3.41,4.90,1.02,4.84
1.53,3.41,2.20,0.06,4.90
nan,nan,nan,nan,nan
1.54,3.41,3.30,1.08,4.88
nan,nan,nan,nan,nan
1.55,3.41,5.50,0.00,4.94
1.56,3.41,1.70,1.14,4.92
nan,nan,nan,nan,nan
1.57,3.41,3.80,1.02,4.88
1.58,3.41,5.50,1.02,4.86
nan,nan,nan,nan,nan
1.59,3.41,3.30,0.00,4.92
1.60,3.41,3.30,1.20,4.90
nan,nan,nan,nan,nan
1.61,3.41,1.10,0.12,4.96
1.62,3.41,3.30,1.02,4.92
nan,nan,nan,nan,nan
1.63,3.41,6.60,1.08,4.90
1.64,3.41,2.80,0.06,4.96
nan,nan,nan,nan,nan
1.65,3.41,1.10,1.08,4.92
1.66,3.41,2.20,0.06,5.01
nan,nan,nan,nan,nan
1.67,3.41,4.40,1.02,4.96
1.68,3.41,4.90,1.08,4.92
nan,nan,nan,nan,nan
1.69,3.41,1.10,1.02,4.90
1.70,3.41,1.10,1.02,4.88
1.71,3.41,5.50,0.06,4.94
nan,nan,nan,nan,nan
1.72,3.41,3.30,1.02,4.90
1.73,3.41,1.70,0.06,4.96
nan,nan,nan,nan,nan
1.74,3.41,4.90,1.08,4.94
1.75,3.41,4.40,1.02,4.90
nan,nan,nan,nan,nan
1.76,3.41,4.90,1.08,4.88
nan,nan,nan,nan,nan
1.77,3.41,2.80,0.00,4.94
1.78,3.41,4.40,0.06,5.01
nan,nan,nan,nan,nan
1.79,3.41,1.70,0.06,4.99
1.80,3.41,3.80,1.68,4.94
nan,nan,nan,nan,nan
1.81,3.41,4.40,1.98,4.82
1.82,3.41,1.10,0.06,4.88
nan,nan,nan,nan,nan
1.83,3.41,5.50,0.90,4.86
1.84,3.41,2.20,0.96,4.84
nan,nan,nan,nan,nan
1.85,3.41,2.80,0.06,4.90
1.86,3.41,2.20,1.08,4.88
nan,nan,nan,nan,nan
1.87,3.41,4.40,1.08,4.86
1.88,3.41,2.80,0.06,4.92
nan,nan,nan,nan,nan
1.89,3.41,3.80,0.06,4.99
nan,nan,nan,nan,nan
1.90,3.41,2.80,1.02,4.96
1.91,3.41,3.80,1.38,4.86
nan,nan,nan,nan,nan
1.92,3.41,3.80,0.00,4.92
1.93,3.41,2.20,0.06,4.99
nan,nan,nan,nan,nan
1.94,3.41,6.00,1.20,4.96
nan,nan,nan,nan,nan
1.95,3.41,2.20,1.02,4.92
1.96,3.41,2.80,0.96,4.88
nan,nan,nan,nan,nan
1.98,3.41,3.80,0.06,4.99
1.99,3.41,1.70,1.38,4.94
nan,nan,nan,nan,nan
2.00,3.41,1.70,1.02,4.90
nan,nan,nan,nan,nan
2.01,3.41,3.80,1.02,4.88
2.02,3.41,2.80,0.06,4.96
nan,nan,nan,nan,nan
2.03,3.41,2.80,1.02,4.92
2.04,3.41,1.10,0.12,4.99
nan,nan,nan,nan,nan
2.05,3.41,3.80,1.02,4.96
nan,nan,nan,nan,nan
2.06,3.41,2.80,1.02,4.92
2.07,3.41,6.60,0.06,4.99
2.08,3.41,4.40,1.02,4.96
nan,nan,nan,nan,nan
2.09,3.41,3.80,1.08,4.92
nan,nan,nan,nan,nan
2.10,3.41,2.20,0.06,4.99
2.11,3.41,4.40,1.02,4.96
nan,nan,nan,nan,nan
2.12,3.41,6.60,0.12,5.03
2.13,3.41,4.40,1.08,4.99
nan,nan,nan,nan,nan
2.14,3.41,4.90,0.00,4.99
2.15,3.41,4.40,1.14,4.94
nan,nan,nan,nan,nan
2.16,3.41,1.10,1.08,4.92
2.17,3.41,2.80,0.12,4.99
nan,nan,nan,nan,nan
2.18,3.41,2.80,1.02,4.94
nan,nan,nan,nan,nan
2.19,3.41,1.70,0.96,4.92
2.20,3.41,2.80,0.06,4.99
nan,nan,nan,nan,nan
2.22,3.41,0.00,1.02,4.96
2.22,3.41,4.90,0.96,4.92
nan,nan,nan,nan,nan
2.24,3.41,4.40,1.08,4.90
nan,nan,nan,nan,nan
2.25,3.41,3.30,0.00,4.96
2.26,3.41,3.30,0.06,5.03
nan,nan,nan,nan,nan
2.27,3.41,2.20,1.08,4.99
2.28,3.41,4.90,1.02,4.96
nan,nan,nan,nan,nan
2.29,3.41,1.70,1.02,4.92
2.30,3.41,3.80,0.06,4.99
nan,nan,nan,nan,nan
2.31,3.41,0.60,1.08,4.96
2.32,3.41,3.30,0.12,5.03
nan,nan,nan,nan,nan
2.33,3.41,4.40,0.96,4.99
2.34,3.41,3.30,1.08,4.96
nan,nan,nan,nan,nan
2.35,3.41,2.20,1.02,4.92
2.36,3.41,3.80,0.36,5.01
nan,nan,nan,nan,nan
2.37,3.41,2.80,1.38,4.96
nan,nan,nan,nan,nan
2.38,3.41,4.90,1.08,4.94
2.39,3.41,2.20,1.02,4.90
nan,nan,nan,nan,nan
2.40,3.41,3.30,0.06,4.96
2.41,3.41,4.90,0.12,5.03
nan,nan,nan,nan,nan
2.42,3.41,6.00,0.12,5.01
2.43,3.41,0.60,1.08,4.96
nan,nan,nan,nan,nan
2.44,3.41,3.30,1.08,4.94
2.45,3.41,5.50,1.02,4.90
nan,nan,nan,nan,nan
2.46,3.41,3.30,1.02,4.88
2.47,3.41,1.70,0.84,4.84
nan,nan,nan,nan,nan
2.48,3.41,2.80,0.06,4.92
2.49,3.41,1.10,0.12,4.99
nan,nan,nan,nan,nan
2.50,3.41,2.20,1.08,4.94
2.51,3.41,2.80,1.08,4.92
nan,nan,nan,nan,nan
2.52,3.41,2.80,0.90,4.88
2.53,3.41,2.20,0.00,4.96
nan,nan,nan,nan,nan
2.54,3.41,3.30,1.08,4.92
2.55,3.41,3.30,0.12,4.99
nan,nan,nan,nan,nan
2.56,3.41,2.80,2.04,4.88
2.57,3.41,2.20,0.06,4.94
nan,nan,nan,nan,nan
2.58,3.41,4.90,0.06,5.01
nan,nan,nan,nan,nan
2.59,3.41,0.00,1.08,4.99
2.60,3.41,3.80,1.02,4.94
2.61,3.41,3.80,1.02,4.92
nan,nan,nan,nan,nan
2.62,3.41,3.80,0.06,4.99
nan,nan,nan,nan,nan
2.63,3.41,3.80,1.08,4.94
2.64,3.41,3.30,0.06,5.01
nan,nan,nan,nan,nan
2.65,3.41,4.40,1.02,4.99
2.66,3.41,4.90,0.90,4.94
nan,nan,nan,nan,nan
2.67,3.41,2.80,1.02,4.92
2.69,3.41,4.40,0.06,5.01
nan,nan,nan,nan,nan
2.70,3.41,2.80,0.96,4.96
2.71,3.41,3.80,0.96,4.92
nan,nan,nan,nan,nan
2.72,3.41,3.80,0.06,5.01
2.73,3.41,5.50,0.06,5.05
nan,nan,nan,nan,nan
2.74,3.41,4.40,0.12,5.03
nan,nan,nan,nan,nan
2.75,3.41,4.40,1.02,4.99
2.76,3.41,2.80,1.08,4.96
nan,nan,nan,nan,nan
2.77,3.41,2.20,1.02,4.92
2.78,3.41,0.00,1.08,4.90
nan,nan,nan,nan,nan
2.79,3.41,2.80,0.06,4.96
2.80,3.41,3.80,0.18,5.03
nan,nan,nan,nan,nan
2.81,3.41,3.30,1.08,4.99
2.82,3.41,4.40,1.02,4.96
nan,nan,nan,nan,nan
2.83,3.41,3.80,1.08,4.92
2.84,3.41,-1.00,0.06,5.01
nan,nan,nan,nan,nan
2.85,3.41,3.30,1.08,4.99
nan,nan,nan,nan,nan
2.86,3.41,1.70,1.02,4.94
2.87,3.41,3.80,1.08,4.92
nan,nan,nan,nan,nan
2.88,3.41,3.30,0.06,5.01
2.89,3.41,2.80,1.02,4.96
nan,nan,nan,nan,nan
2.90,3.41,3.80,0.00,5.03
2.91,3.41,2.20,1.02,4.99
nan,nan,nan,nan,nan
2.92,3.41,2.80,0.96,4.96
2.93,3.41,3.30,0.06,5.03
nan,nan,nan,nan,nan
2.94,3.41,2.80,1.08,4.99
nan,nan,nan,nan,nan
2.95,3.41,2.80,1.08,4.94
2.96,3.41,3.80,0.12,5.01
nan,nan,nan,nan,nan
2.97,3.41,3.80,1.08,4.99
2.98,3.41,3.30,0.12,5.05
nan,nan,nan,nan,nan
3.00,37.09,3.30,0.96,4.96
nan,nan,nan,nan,nan
3.01,37.09,12.00,0.96,4.96
nan,nan,nan,nan,nan
3.02,37.09,24.50,0.06,5.03
3.03,37.09,36.40,1.14,4.99
nan,nan,nan,nan,nan
3.05,37.09,40.20,1.38,4.99
nan,nan,nan,nan,nan
3.06,37.09,37.50,2.70,4.84
nan,nan,nan,nan,nan
3.07,37.09,38.60,1.08,4.82
3.08,37.09,38.60,0.00,4.90
nan,nan,nan,nan,nan
3.09,37.09,38.60,1.98,4.88
nan,nan,nan,nan,nan
3.10,37.09,36.90,4.80,4.69
3.11,37.09,36.40,3.30,4.56
nan,nan,nan,nan,nan
3.12,37.09,39.10,1.08,4.65
nan,nan,nan,nan,nan
3.13,37.09,39.70,2.04,4.75
3.15,37.09,35.90,2.04,4.73
nan,nan,nan,nan,nan
3.16,37.09,37.50,3.42,4.60
nan,nan,nan,nan,nan
3.17,37.09,37.50,1.92,4.58
3.18,37.09,35.90,1.02,4.69
nan,nan,nan,nan,nan
3.19,37.09,35.30,1.98,4.67
nan,nan,nan,nan,nan
3.20,37.09,35.90,2.28,4.65
3.21,37.09,36.90,3.06,4.62
nan,nan,nan,nan,nan
3.22,37.09,38.60,2.04,4.65
3.23,37.09,35.90,2.46,4.62
nan,nan,nan,nan,nan
3.24,37.09,37.50,1.98,4.60
nan,nan,nan,nan,nan
nan,nan,nan,nan,nan
nan,nan,nan,nan,nan
nan,nan,nan,nan,nan
3.27,37.09,36.90,0.12,4.75
3.28,37.09,35.30,1.98,4.82
nan,nan,nan,nan,nan
3.30,37.09,36.90,3.96,4.62
nan,nan,nan,nan,nan
3.31,37.09,38.60,2.70,4.60
3.32,37.09,36.90,2.28,4.58
nan,nan,nan,nan,nan
3.33,37.09,34.80,1.86,4.60
3.34,37.09,35.30,1.98,4.69
nan,nan,nan,nan,nan
3.35,37.09,37.50,2.10,4.75
nan,nan,nan,nan,nan
nan,nan,nan,nan,nan
nan,nan,nan,nan,nan
3.38,37.09,37.50,5.34,4.50
nan,nan,nan,nan,nan
3.39,37.09,39.10,2.04,4.50
nan,nan,nan,nan,nan
3.40,37.09,37.50,1.14,4.60
3.41,37.09,38.00,2.04,4.58
nan,nan,nan,nan,nan
3.42,37.09,40.20,1.92,4.67
nan,nan,nan,nan,nan
3.43,37.09,38.60,2.52,4.65
3.45,37.09,35.90,2.58,4.65
nan,nan,nan,nan,nan
3.46,37.09,39.10,2.04,4.62
nan,nan,nan,nan,nan
3.47,37.09,38.60,1.98,4.71
3.48,37.09,35.30,1.98,4.79
nan,nan,nan,nan,nan
3.49,37.09,37.50,2.46,4.79
3.50,37.09,34.80,3.18,4.67
nan,nan,nan,nan,nan
3.51,37.09,34.20,2.10,4.65
nan,nan,nan,nan,nan
3.52,37.09,40.20,1.08,4.75
3.53,37.09,39.70,2.88,4.73
nan,nan,nan,nan,nan
3.54,37.09,34.20,2.82,4.71
nan,nan,nan,nan,nan
3.55,37.09,39.10,1.26,4.79
3.57,37.09,34.20,3.36,4.77
nan,nan,nan,nan,nan
3.58,37.09,36.90,2.94,4.75
nan,nan,nan,nan,nan
3.59,37.09,33.70,3.30,4.67
3.60,37.09,38.00,1.98,4.73
nan,nan,nan,nan,nan
3.61,37.09,35.90,1.50,4.82
nan,nan,nan,nan,nan
3.62,37.09,37.50,2.22,4.82
nan,nan,nan,nan,nan
3.63,37.09,37.50,2.94,4.77
3.64,37.09,36.90,2.58,4.75
nan,nan,nan,nan,nan
3.66,37.09,38.00,2.64,4.75
nan,nan,nan,nan,nan
3.67,37.09,38.00,2.34,4.73
3.68,37.09,35.90,1.14,4.82
nan,nan,nan,nan,nan
3.69,37.09,39.10,2.76,4.82
3.70,37.09,36.40,2.94,4.79
nan,nan,nan,nan,nan
3.71,37.09,36.40,3.00,4.67
nan,nan,nan,nan,nan
3.72,37.09,36.40,2.04,4.67
3.73,37.09,35.30,1.02,4.84
nan,nan,nan,nan,nan
3.74,37.09,37.50,2.52,4.82
nan,nan,nan,nan,nan
3.75,37.09,38.00,2.16,4.79
3.77,37.09,37.50,1.08,4.88
nan,nan,nan,nan,nan
3.78,37.09,35.90,2.04,4.86
nan,nan,nan,nan,nan
3.79,37.09,36.90,3.00,4.84
3.80,37.09,39.10,2.04,4.84
nan,nan,nan,nan,nan
3.81,37.09,38.60,3.00,4.79
nan,nan,nan,nan,nan
3.82,37.09,36.90,2.46,4.77
3.83,37.09,36.90,1.08,4.86
nan,nan,nan,nan,nan
3.84,37.09,36.90,3.00,4.82
3.85,37.09,35.30,3.54,4.71
nan,nan,nan,nan,nan
3.86,37.09,38.00,1.62,4.79
nan,nan,nan,nan,nan
3.87,37.09,36.40,1.98,4.86
3.88,37.09,36.90,3.12,4.84
nan,nan,nan,nan,nan
3.90,37.09,33.70,1.98,4.84
3.91,37.09,35.30,2.46,4.82
nan,nan,nan,nan,nan
3.92,37.09,37.50,1.98,4.88
nan,nan,nan,nan,nan
3.93,37.09,36.90,2.88,4.86
3.94,37.09,39.70,2.22,4.84
nan,nan,nan,nan,nan
3.95,37.09,36.90,2.04,4.82
3.96,37.09,35.90,1.14,4.90
nan,nan,nan,nan,nan
3.97,37.09,37.50,2.94,4.86
nan,nan,nan,nan,nan
3.98,37.09,40.20,3.00,4.84
3.99,37.09,37.50,1.98,4.90
nan,nan,nan,nan,nan
4.00,37.09,36.40,2.04,4.90
4.01,37.09,35.90,2.46,4.86
nan,nan,nan,nan,nan
4.02,37.09,34.20,2.16,4.84
nan,nan,nan,nan,nan
4.03,37.09,36.90,2.40,4.82
4.04,37.09,37.50,1.74,4.88
nan,nan,nan,nan,nan
4.06,37.09,36.40,1.92,4.88
4.07,37.09,36.90,3.00,4.84
nan,nan,nan,nan,nan
4.08,37.09,35.90,2.94,4.82
nan,nan,nan,nan,nan
4.09,37.09,36.90,1.98,4.88
4.10,37.09,35.30,2.46,4.86
nan,nan,nan,nan,nan
4.11,37.09,37.50,2.46,4.86
nan,nan,nan,nan,nan
4.12,37.09,36.90,2.10,4.82
4.13,37.09,37.50,1.86,4.90
nan,nan,nan,nan,nan
4.14,37.09,38.00,1.32,4.96
4.15,37.09,38.00,4.08,4.86
nan,nan,nan,nan,nan
4.16,37.09,39.10,2.94,4.82
nan,nan,nan,nan,nan
4.17,37.09,37.50,1.92,4.90
4.19,37.09,40.20,3.00,4.88
nan,nan,nan,nan,nan
4.20,37.09,38.60,2.88,4.86
nan,nan,nan,nan,nan
4.21,37.09,35.30,2.16,4.92
4.22,37.09,38.00,1.86,4.99
nan,nan,nan,nan,nan
4.23,37.09,36.40,3.54,4.88
nan,nan,nan,nan,nan
4.24,37.09,38.60,2.22,4.86
4.25,37.09,36.90,1.92,4.92
nan,nan,nan,nan,nan
4.26,37.09,37.50,2.88,4.88
4.27,37.09,38.60,2.34,4.88
nan,nan,nan,nan,nan
4.28,37.09,38.00,1.92,4.94
nan,nan,nan,nan,nan
4.29,37.09,36.40,2.94,4.92
4.31,37.09,38.00,1.74,4.99
nan,nan,nan,nan,nan
4.32,37.09,36.40,2.64,4.96
nan,nan,nan,nan,nan
4.33,37.09,39.70,2.04,4.94
4.34,37.09,38.00,3.84,4.82
nan,nan,nan,nan,nan
4.35,37.09,36.40,1.92,4.77
4.36,37.09,36.90,1.62,4.88
nan,nan,nan,nan,nan
4.37,37.09,38.00,1.92,4.94
nan,nan,nan,nan,nan
4.38,37.09,36.40,3.12,4.90
4.39,37.09,35.30,2.94,4.88
nan,nan,nan,nan,nan
4.40,37.09,37.50,2.04,4.94
4.41,37.09,35.30,1.98,4.94
nan,nan,nan,nan,nan
4.42,37.09,36.90,2.16,4.90
nan,nan,nan,nan,nan
4.43,37.09,38.00,2.88,4.88
4.44,37.09,38.00,1.92,4.94
nan,nan,nan,nan,nan
4.46,37.09,38.60,2.82,4.92
4.47,37.09,33.70,2.70,4.90
nan,nan,nan,nan,nan
4.48,37.09,36.90,2.04,4.96
nan,nan,nan,nan,nan
4.49,37.09,37.50,3.00,4.94
4.50,37.09,34.80,2.94,4.90
nan,nan,nan,nan,nan
4.51,37.09,36.40,2.04,4.96
4.52,37.09,38.60,2.10,4.96
nan,nan,nan,nan,nan
4.53,37.09,38.00,2.88,4.92
nan,nan,nan,nan,nan
4.54,37.09,36.90,2.10,4.90
4.55,37.09,38.60,1.14,4.99
nan,nan,nan,nan,nan
4.56,37.09,38.00,2.94,4.94
nan,nan,nan,nan,nan
4.57,37.09,38.60,3.00,4.92
4.58,37.09,38.00,1.98,4.88
nan,nan,nan,nan,nan
nan,nan,nan,nan,nan
nan,nan,nan,nan,nan
4.61,37.09,39.10,1.14,4.99
nan,nan,nan,nan,nan
4.62,37.09,36.90,2.94,4.96
nan,nan,nan,nan,nan
4.63,37.09,33.10,2.82,4.92
4.64,37.09,38.60,1.98,4.99
nan,nan,nan,nan,nan
4.66,37.09,35.30,3.00,4.96
4.67,37.09,36.90,3.00,4.94
nan,nan,nan,nan,nan
4.68,37.09,36.90,2.28,4.90
nan,nan,nan,nan,nan
4.69,37.09,38.60,2.10,4.99
nan,nan,nan,nan,nan
nan,nan,nan,nan,nan
nan,nan,nan,nan,nan
4.72,37.09,36.40,4.38,4.77
nan,nan,nan,nan,nan
4.73,37.09,37.50,2.82,4.75
4.74,37.09,37.50,1.02,4.82
nan,nan,nan,nan,nan
4.75,37.09,36.40,1.92,4.90
4.76,37.09,36.90,2.94,4.86
nan,nan,nan,nan,nan
4.77,37.09,36.90,2.52,4.84
4.78,37.09,38.00,1.80,4.92
nan,nan,nan,nan,nan
4.79,37.09,37.50,3.00,4.90
nan,nan,nan,nan,nan
4.80,37.09,36.40,3.00,4.86
4.81,37.09,38.00,2.04,4.92
nan,nan,nan,nan,nan
4.82,37.09,38.00,1.62,5.01
4.83,37.09,36.90,3.60,4.88
nan,nan,nan,nan,nan
4.84,37.09,38.60,2.46,4.86
nan,nan,nan,nan,nan
4.85,37.09,36.40,2.94,4.82
4.86,37.09,36.90,1.50,4.90
nan,nan,nan,nan,nan
4.87,37.09,38.60,2.04,4.96
4.89,37.09,36.40,2.04,5.03
nan,nan,nan,nan,nan
4.90,37.09,36.40,2.58,5.01
nan,nan,nan,nan,nan
4.91,37.09,38.60,3.00,4.99
4.92,37.09,34.80,2.64,4.94
nan,nan,nan,nan,nan
4.93,37.09,37.50,2.40,4.92
4.94,37.09,36.40,1.98,4.88
nan,nan,nan,nan,nan
4.95,37.09,35.30,1.08,4.96
nan,nan,nan,nan,nan
4.96,37.09,35.90,2.64,4.94
4.97,37.09,36.90,1.98,5.01
nan,nan,nan,nan,nan
4.98,37.09,37.50,2.94,4.96
4.99,37.09,36.90,1.92,5.03
nan,nan,nan,nan,nan
5.00,37.09,37.50,2.16,5.01
nan,nan,nan,nan,nan
5.01,37.09,36.40,2.94,4.99
5.02,37.09,37.50,2.16,4.94
nan,nan,nan,nan,nan
5.03,37.09,38.60,2.16,4.92
5.04,37.09,35.90,1.80,4.99
nan,nan,nan,nan,nan
5.06,37.09,36.40,2.88,4.94
5.07,37.09,36.40,2.64,4.92
nan,nan,nan,nan,nan
5.08,37.09,36.40,1.98,5.01
nan,nan,nan,nan,nan
5.09,37.09,36.90,3.00,4.96
5.10,37.09,33.70,2.64,4.94
nan,nan,nan,nan,nan
5.11,37.09,36.40,1.98,5.01
5.12,37.09,36.90,2.58,4.96
nan,nan,nan,nan,nan
5.13,37.09,40.70,2.46,4.94
nan,nan,nan,nan,nan
5.14,37.09,39.10,1.14,5.03
5.15,37.09,38.00,2.88,4.99
nan,nan,nan,nan,nan
5.16,37.09,38.00,2.88,4.94
5.17,37.09,38.00,1.98,5.01
nan,nan,nan,nan,nan
5.18,37.09,36.90,3.90,4.90
nan,nan,nan,nan,nan
5.19,37.09,37.50,1.98,4.96
5.20,37.09,36.40,1.98,5.03
nan,nan,nan,nan,nan
5.22,37.09,36.90,2.76,5.01
5.23,37.09,35.90,2.64,4.96
nan,nan,nan,nan,nan
5.24,37.09,37.50,2.10,4.96
nan,nan,nan,nan,nan
5.25,37.09,36.90,1.92,5.03
5.26,37.09,35.90,2.10,4.99
nan,nan,nan,nan,nan
5.27,37.09,36.90,1.98,5.05
5.28,37.09,36.40,2.04,5.03
nan,nan,nan,nan,nan
5.29,37.09,36.40,3.00,4.99
nan,nan,nan,nan,nan
5.30,37.09,36.40,2.94,4.94
5.31,37.09,37.50,1.44,5.03
nan,nan,nan,nan,nan
5.32,37.09,38.00,3.00,4.99
5.33,37.09,36.40,2.34,4.94
nan,nan,nan,nan,nan
5.34,37.09,36.40,2.40,4.94
nan,nan,nan,nan,nan
5.35,37.09,38.60,1.80,5.01
5.36,37.09,35.90,2.70,4.96
nan,nan,nan,nan,nan
5.37,37.09,36.40,2.04,5.03
5.39,37.09,36.40,2.94,5.01
nan,nan,nan,nan,nan
5.40,37.09,40.20,3.06,4.96
nan,nan,nan,nan,nan
5.41,37.09,38.00,1.20,5.05
5.42,37.09,36.40,2.94,5.01
nan,nan,nan,nan,nan
5.43,37.09,35.30,2.58,4.99
5.44,37.09,37.50,2.16,4.94
nan,nan,nan,nan,nan
5.45,37.09,39.10,1.62,5.01
nan,nan,nan,nan,nan
5.46,37.09,38.00,1.98,5.01
5.47,37.09,39.70,2.76,4.96
nan,nan,nan,nan,nan
5.48,37.09,36.40,2.94,4.92
5.49,37.09,36.90,2.04,4.99
nan,nan,nan,nan,nan
5.50,37.09,36.40,3.00,4.96
nan,nan,nan,nan,nan
5.51,37.09,39.10,2.64,4.94
5.52,37.09,36.40,2.16,4.92
nan,nan,nan,nan,nan
5.53,37.09,37.50,2.04,4.99
5.55,37.09,36.40,1.98,5.05
nan,nan,nan,nan,nan
5.56,37.09,38.60,3.00,5.01
nan,nan,nan,nan,nan
5.57,37.09,37.50,3.54,4.90
5.58,37.09,36.90,1.86,4.96
nan,nan,nan,nan,nan
5.59,37.09,38.60,1.98,5.03
5.60,37.09,36.90,3.00,4.99
nan,nan,nan,nan,nan
5.61,37.09,38.60,3.00,4.96
5.62,37.09,37.50,1.08,5.05
nan,nan,nan,nan,nan
5.63,37.09,35.30,3.00,5.01
nan,nan,nan,nan,nan
5.64,37.09,36.90,2.58,4.96
5.65,37.09,38.00,2.34,4.94
nan,nan,nan,nan,nan
5.66,37.09,39.10,1.98,5.01
5.67,37.09,37.50,2.94,4.96
nan,nan,nan,nan,nan
5.68,37.09,38.00,2.94,4.96
nan,nan,nan,nan,nan
5.69,37.09,36.40,2.82,4.92
5.71,37.09,36.40,1.98,4.99
nan,nan,nan,nan,nan
5.72,37.09,34.80,2.22,5.05
5.73,37.09,37.50,2.94,5.01
nan,nan,nan,nan,nan
5.74,37.09,36.40,2.34,4.99
nan,nan,nan,nan,nan
5.75,37.09,34.80,2.34,4.96
5.76,37.09,37.50,1.98,5.03
nan,nan,nan,nan,nan
5.77,37.09,36.90,2.64,4.99
5.78,37.09,36.40,2.04,5.05
nan,nan,nan,nan,nan
5.79,37.09,36.40,2.40,5.03
nan,nan,nan,nan,nan
5.80,37.09,36.40,3.06,5.01
5.81,37.09,38.00,2.52,4.96
nan,nan,nan,nan,nan
5.82,37.09,36.40,2.16,4.94
5.83,37.09,36.90,2.04,5.01
nan,nan,nan,nan,nan
5.84,37.09,38.60,1.92,5.07
5.85,37.09,36.40,3.00,5.03
nan,nan,nan,nan,nan
5.86,37.09,35.30,3.72,4.92
nan,nan,nan,nan,nan
5.88,37.09,35.90,1.98,4.99
5.89,37.09,36.90,2.04,5.05
nan,nan,nan,nan,nan
5.90,37.09,36.90,3.00,5.01
nan,nan,nan,nan,nan
5.91,37.09,36.40,1.98,5.01
5.92,37.09,36.90,2.52,4.96
nan,nan,nan,nan,nan
5.93,37.09,37.50,1.98,5.03
5.94,37.09,36.90,2.76,4.99
nan,nan,nan,nan,nan
5.95,37.09,35.90,2.64,4.96
5.96,37.09,34.80,1.98,4.94
nan,nan,nan,nan,nan
5.97,37.09,36.90,1.98,5.01
nan,nan,nan,nan,nan
5.98,37.09,38.00,2.88,4.99
5.99,37.09,40.20,1.98,5.05
6.00,1.49,36.40,3.06,5.01
nan,nan,nan,nan,nan
6.01,1.49,26.60,2.82,4.99
nan,nan,nan,nan,nan
6.02,1.49,14.20,1.38,5.05
nan,nan,nan,nan,nan
6.04,1.49,2.20,1.08,5.03
6.05,1.49,-0.50,0.00,5.20
nan,nan,nan,nan,nan
6.06,1.49,0.60,1.32,5.18
nan,nan,nan,nan,nan
6.07,1.49,2.80,1.02,5.22
6.08,1.49,2.20,1.02,5.18
nan,nan,nan,nan,nan
6.09,1.49,3.30,0.36,5.24
nan,nan,nan,nan,nan
6.10,1.49,0.00,0.36,5.28
6.11,1.49,2.80,1.02,5.24
nan,nan,nan,nan,nan
6.12,1.49,-1.00,0.36,5.28
6.13,1.49,0.60,0.06,5.35
nan,nan,nan,nan,nan
6.14,1.49,1.10,0.12,5.39
6.15,1.49,1.70,0.90,5.35
nan,nan,nan,nan,nan
nan,nan,nan,nan,nan
nan,nan,nan,nan,nan
nan,nan,nan,nan,nan
6.18,1.49,1.10,1.20,5.28
nan,nan,nan,nan,nan
6.19,1.49,1.70,0.00,5.35
6.20,1.49,-0.50,1.02,5.28
nan,nan,nan,nan,nan
6.22,1.49,2.80,0.12,5.35
6.23,1.49,1.70,0.00,5.41
nan,nan,nan,nan,nan
6.24,1.49,3.30,1.14,5.37
nan,nan,nan,nan,nan
6.25,1.49,2.20,1.02,5.30
6.26,1.49,0.00,0.06,5.35
nan,nan,nan,nan,nan
nan,nan,nan,nan,nan
nan,nan,nan,nan,nan
nan,nan,nan,nan,nan
6.29,1.49,1.10,2.94,5.20
6.30,1.49,3.30,0.06,5.26
nan,nan,nan,nan,nan
6.31,1.49,1.70,1.08,5.22
nan,nan,nan,nan,nan
6.32,1.49,4.40,0.06,5.26
6.33,1.49,3.30,1.08,5.24
nan,nan,nan,nan,nan
6.34,1.49,1.70,1.98,5.20
6.35,1.49,1.10,1.02,5.24
nan,nan,nan,nan,nan
6.36,1.49,3.80,0.06,5.30
nan,nan,nan,nan,nan
6.37,1.49,3.30,1.08,5.24
6.38,1.49,1.10,0.06,5.30
nan,nan,nan,nan,nan
6.39,1.49,2.20,1.08,5.24
6.40,1.49,3.80,1.02,5.22
nan,nan,nan,nan,nan
6.42,1.49,2.80,0.12,5.26
6.43,1.49,0.60,1.08,5.22
nan,nan,nan,nan,nan
6.44,1.49,2.20,0.12,5.28
nan,nan,nan,nan,nan
nan,nan,nan,nan,nan
nan,nan,nan,nan,nan
nan,nan,nan,nan,nan
6.47,1.49,0.60,1.98,5.13
6.48,1.49,1.10,1.02,5.09
6.49,1.49,-0.50,0.24,5.15
nan,nan,nan,nan,nan
6.50,1.49,4.40,0.42,5.20
nan,nan,nan,nan,nan
6.51,1.49,1.10,0.06,5.28
6.52,1.49,1.70,0.06,5.32
nan,nan,nan,nan,nan
6.53,1.49,2.80,0.00,5.37
6.54,1.49,3.80,1.08,5.32
nan,nan,nan,nan,nan
nan,nan,nan,nan,nan
nan,nan,nan,nan,nan
nan,nan,nan,nan,nan
6.57,1.49,-1.00,1.02,5.18
nan,nan,nan,nan,nan
6.58,1.49,2.80,0.06,5.26
6.59,1.49,1.70,0.06,5.30
nan,nan,nan,nan,nan
6.60,1.49,1.70,0.00,5.35
nan,nan,nan,nan,nan
6.61,1.49,3.30,1.20,5.30
6.63,1.49,3.80,1.98,5.18
nan,nan,nan,nan,nan
6.64,1.49,4.90,0.06,5.22
6.65,1.49,3.30,0.00,5.28
nan,nan,nan,nan,nan
nan,nan,nan,nan,nan
nan,nan,nan,nan,nan
nan,nan,nan,nan,nan
6.68,1.49,-1.00,1.80,5.13
nan,nan,nan,nan,nan
6.69,1.49,2.20,0.54,5.11
6.70,1.49,-1.00,0.12,5.18
nan,nan,nan,nan,nan
6.71,1.49,0.00,0.06,5.24
nan,nan,nan,nan,nan
6.72,1.49,1.70,1.08,5.20
6.73,1.49,1.10,16.38,5.15
nan,nan,nan,nan,nan
6.74,1.49,1.10,1.08,5.11
6.75,1.49,2.20,1.08,5.07
nan,nan,nan,nan,nan
nan,nan,nan,nan,nan
nan,nan,nan,nan,nan
nan,nan,nan,nan,nan
6.78,1.49,0.00,0.00,5.35
6.79,1.49,1.10,1.62,5.30
nan,nan,nan,nan,nan
6.80,1.49,1.10,1.08,5.24
6.81,1.49,1.10,0.96,5.20
nan,nan,nan,nan,nan
6.82,1.49,1.70,1.08,5.15
nan,nan,nan,nan,nan
6.83,1.49,1.10,0.06,5.22
6.84,1.49,2.80,0.06,5.26
6.85,1.49,2.80,0.96,5.22
nan,nan,nan,nan,nan
6.86,1.49,1.70,1.08,5.18
nan,nan,nan,nan,nan
6.87,1.49,1.70,0.90,5.13
6.88,1.49,2.20,1.02,5.09
nan,nan,nan,nan,nan
6.90,1.49,3.80,0.06,5.18
6.91,1.49,-2.70,0.06,5.22
nan,nan,nan,nan,nan
6.92,1.49,-0.50,1.08,5.20
nan,nan,nan,nan,nan
6.93,1.49,2.20,1.02,5.07
nan,nan,nan,nan,nan
6.94,1.49,0.60,0.06,5.13
6.95,1.49,1.10,0.06,5.20
nan,nan,nan,nan,nan
6.96,1.49,1.70,1.08,5.15
6.97,1.49,1.70,1.08,5.09
nan,nan,nan,nan,nan
6.98,1.49,2.20,0.06,5.15
nan,nan,nan,nan,nan
6.99,1.49,1.70,1.38,5.11
7.01,1.49,-0.50,1.08,5.09
nan,nan,nan,nan,nan
7.02,1.49,3.80,1.02,5.05
nan,nan,nan,nan,nan
7.03,1.49,2.20,0.06,5.13
7.04,1.49,2.80,1.08,5.09
nan,nan,nan,nan,nan
7.05,1.49,1.70,0.06,5.15
nan,nan,nan,nan,nan
7.06,1.49,1.70,1.02,5.11
7.07,1.49,0.60,1.02,5.09
nan,nan,nan,nan,nan
7.08,1.49,2.20,0.96,5.05
7.09,1.49,0.00,0.00,5.11
nan,nan,nan,nan,nan
7.10,1.49,-1.00,0.06,5.18
nan,nan,nan,nan,nan
7.11,1.49,1.10,1.26,5.13
7.12,1.49,0.00,1.08,5.09
7.13,1.49,0.00,1.02,5.05
nan,nan,nan,nan,nan
7.14,1.49,0.00,1.08,5.01
nan,nan,nan,nan,nan
nan,nan,nan,nan,nan
nan,nan,nan,nan,nan
7.17,1.49,-0.50,0.06,5.28
nan,nan,nan,nan,nan
7.19,1.49,0.00,0.06,5.26
nan,nan,nan,nan,nan
7.20,1.49,3.80,2.52,5.11
7.21,1.49,2.20,1.02,5.07
nan,nan,nan,nan,nan
7.22,1.49,1.70,0.96,5.03
nan,nan,nan,nan,nan
7.23,1.49,3.30,0.06,5.09
7.24,1.49,2.20,1.02,5.05
nan,nan,nan,nan,nan
7.25,1.49,0.60,0.90,5.05
nan,nan,nan,nan,nan
nan,nan,nan,nan,nan
nan,nan,nan,nan,nan
7.28,1.49,0.00,0.06,5.09
nan,nan,nan,nan,nan
7.29,1.49,3.30,0.06,5.15
7.30,1.49,1.70,2.04,5.05
nan,nan,nan,nan,nan
7.31,1.49,1.70,0.06,5.09
nan,nan,nan,nan,nan
7.32,1.49,2.20,1.08,5.07
7.33,1.49,-0.50,0.06,5.11
nan,nan,nan,nan,nan
7.34,1.49,2.80,1.08,5.09
nan,nan,nan,nan,nan
7.35,1.49,2.20,0.90,5.07
7.36,1.49,0.00,0.06,5.11
nan,nan,nan,nan,nan
7.37,1.49,0.60,1.14,5.09
7.38,1.49,0.60,1.08,5.05
nan,nan,nan,nan,nan
7.39,1.49,0.00,0.06,5.11
7.40,1.49,0.00,1.02,5.07
7.41,1.49,2.80,0.06,5.11
nan,nan,nan,nan,nan
7.42,1.49,2.20,0.96,5.09
nan,nan,nan,nan,nan
7.43,1.49,0.60,0.96,5.05
7.44,1.49,0.00,1.02,5.01
7.45,1.49,2.20,0.12,5.07
nan,nan,nan,nan,nan
7.46,1.49,1.10,0.00,5.13
7.47,1.49,0.00,1.02,5.09
nan,nan,nan,nan,nan
7.48,1.49,-2.10,1.08,5.05
nan,nan,nan,nan,nan
7.49,1.49,-0.50,0.96,5.03
nan,nan,nan,nan,nan
7.51,1.49,0.00,0.12,5.09
7.52,1.49,2.20,0.96,5.07
nan,nan,nan,nan,nan
7.53,1.49,1.70,0.84,5.03
7.54,1.49,-0.50,0.06,5.09
nan,nan,nan,nan,nan
7.55,1.49,0.60,1.26,5.07
7.56,1.49,1.70,1.08,5.03
nan,nan,nan,nan,nan
7.57,1.49,1.70,1.02,4.99
nan,nan,nan,nan,nan
7.58,1.49,1.70,0.06,5.05
7.59,1.49,2.20,0.06,5.11
nan,nan,nan,nan,nan
7.60,1.49,3.30,1.08,5.07
7.61,1.49,2.80,1.74,4.96
nan,nan,nan,nan,nan
7.62,1.49,-1.00,0.06,5.03
nan,nan,nan,nan,nan
7.64,1.49,2.80,1.08,5.01
nan,nan,nan,nan,nan
7.65,1.49,0.60,0.06,5.07
7.66,1.49,3.80,1.14,5.03
nan,nan,nan,nan,nan
7.67,1.49,3.30,0.06,5.09
7.68,1.49,1.70,1.14,5.05
nan,nan,nan,nan,nan
7.69,1.49,2.80,1.08,5.03
7.70,1.49,0.60,0.96,4.99
nan,nan,nan,nan,nan
7.71,1.49,1.10,0.00,5.05
7.72,1.49,2.20,0.06,5.11
7.73,1.49,1.70,1.14,5.07
nan,nan,nan,nan,nan
7.74,1.49,0.60,1.14,5.03
nan,nan,nan,nan,nan
7.75,1.49,1.10,1.02,4.99
7.76,1.49,2.20,0.06,5.05
nan,nan,nan,nan,nan
7.77,1.49,2.80,1.02,5.03
7.78,1.49,0.00,0.06,5.09
nan,nan,nan,nan,nan
7.79,1.49,1.10,1.14,5.05
7.80,1.49,1.10,1.02,5.01
7.81,1.49,1.70,1.02,4.96
nan,nan,nan,nan,nan
7.82,1.49,2.80,0.12,5.03
nan,nan,nan,nan,nan
7.83,1.49,1.70,0.06,5.09
7.84,1.49,1.10,1.02,5.05
nan,nan,nan,nan,nan
7.85,1.49,0.60,1.08,5.03
7.86,1.49,3.30,1.02,4.99
nan,nan,nan,nan,nan
7.87,1.49,1.10,0.06,5.05
7.88,1.49,1.10,1.02,5.01
7.89,1.49,1.10,0.12,5.07
nan,nan,nan,nan,nan
7.90,1.49,2.20,1.08,5.03
nan,nan,nan,nan,nan
7.91,1.49,0.60,0.78,5.01
7.92,1.49,-1.60,0.12,5.07
nan,nan,nan,nan,nan
7.93,1.49,1.10,1.08,5.03
7.94,1.49,2.20,0.06,5.09
nan,nan,nan,nan,nan
7.95,1.49,-0.50,1.98,4.96
nan,nan,nan,nan,nan
7.96,1.49,1.70,0.06,5.03
7.97,1.49,3.30,0.96,5.01
nan,nan,nan,nan,nan
7.98,1.49,0.00,0.00,5.07
7.99,1.49,0.00,1.02,5.05
nan,nan,nan,nan,nan
8.00,1.49,0.00,0.06,5.09
8.01,1.49,0.60,1.08,5.07
nan,nan,nan,nan,nan
8.02,1.49,0.60,1.02,5.03
8.03,1.49,3.30,1.02,4.99
nan,nan,nan,nan,nan
8.04,1.49,4.40,0.06,5.05
nan,nan,nan,nan,nan
8.05,1.49,3.30,0.00,5.11
8.06,1.49,1.10,1.02,5.07
nan,nan,nan,nan,nan
8.07,1.49,2.20,1.02,5.03
8.08,1.49,1.70,0.84,4.99
nan,nan,nan,nan,nan
8.09,1.49,2.20,0.06,5.05
8.10,1.49,3.30,1.14,5.03
nan,nan,nan,nan,nan
8.12,1.49,-0.50,0.06,5.09
nan,nan,nan,nan,nan
8.13,1.49,1.10,1.20,5.07
8.14,1.49,1.10,1.08,5.03
8.15,1.49,-0.50,0.06,5.09
nan,nan,nan,nan,nan
8.16,1.49,1.70,1.08,5.07
nan,nan,nan,nan,nan
8.17,1.49,1.70,1.02,5.03
nan,nan,nan,nan,nan
8.18,1.49,3.30,1.02,5.01
8.19,1.49,2.80,0.06,5.07
nan,nan,nan,nan,nan
8.20,1.49,3.30,1.08,5.03
8.21,1.49,1.10,0.18,5.09
nan,nan,nan,nan,nan
8.22,1.49,0.00,1.08,5.05
8.23,1.49,1.70,1.08,5.01
nan,nan,nan,nan,nan
8.24,1.49,1.70,0.06,5.07
8.25,1.49,2.20,1.08,5.03
nan,nan,nan,nan,nan
8.26,1.49,0.00,1.02,5.01
8.27,1.49,1.10,0.06,5.05
nan,nan,nan,nan,nan
8.28,1.49,4.40,1.14,5.03
8.29,1.49,3.30,0.24,5.09
nan,nan,nan,nan,nan
8.30,1.49,1.70,1.08,5.05
8.31,1.49,0.00,0.60,5.01
nan,nan,nan,nan,nan
8.32,1.49,1.10,0.96,4.96
8.33,1.49,-1.00,0.06,5.03
nan,nan,nan,nan,nan
8.34,1.49,0.60,0.84,5.01
8.35,1.49,0.60,1.08,4.99
nan,nan,nan,nan,nan
8.36,1.49,2.20,0.06,5.05
nan,nan,nan,nan,nan
8.37,1.49,2.20,0.06,5.11
8.38,1.49,1.70,1.08,5.07
nan,nan,nan,nan,nan
8.39,1.49,0.00,1.08,5.03
8.40,1.49,2.80,1.02,4.99
nan,nan,nan,nan,nan
8.42,1.49,2.80,1.08,4.99
nan,nan,nan,nan,nan
8.43,1.49,1.70,0.06,5.05
8.44,1.49,0.60,0.96,5.01
nan,nan,nan,nan,nan
8.45,1.49,3.80,0.06,5.07
8.46,1.49,3.80,1.14,5.03
nan,nan,nan,nan,nan
8.47,1.49,0.60,1.08,4.99
8.48,1.49,1.70,0.06,5.05
nan,nan,nan,nan,nan
8.49,1.49,1.70,0.96,5.03
nan,nan,nan,nan,nan
nan,nan,nan,nan,nan
nan,nan,nan,nan,nan
8.52,1.49,1.10,0.84,5.03
nan,nan,nan,nan,nan
8.53,1.49,-1.60,1.08,4.99
nan,nan,nan,nan,nan
8.54,1.49,2.80,0.00,5.05
8.55,1.49,1.70,0.12,5.13
nan,nan,nan,nan,nan
8.56,1.49,3.80,1.74,5.09
nan,nan,nan,nan,nan
8.57,1.49,3.80,1.08,5.05
8.58,1.49,1.70,1.02,5.03
nan,nan,nan,nan,nan
8.59,1.49,1.10,0.96,4.99
nan,nan,nan,nan,nan
nan,nan,nan,nan,nan
nan,nan,nan,nan,nan
8.62,1.49,2.20,0.06,5.07
nan,nan,nan,nan,nan
8.63,1.49,1.10,0.06,5.13
8.64,1.49,1.70,1.14,5.09
nan,nan,nan,nan,nan
8.65,1.49,2.80,1.08,5.05
8.66,1.49,1.10,0.78,5.01
nan,nan,nan,nan,nan
8.67,1.49,1.10,0.12,5.07
8.68,1.49,0.00,1.08,5.03
nan,nan,nan,nan,nan
8.69,1.49,0.00,0.06,5.09
8.70,1.49,1.70,1.26,5.07
nan,nan,nan,nan,nan
8.71,1.49,0.00,1.02,5.03
8.72,1.49,2.80,0.00,5.09
nan,nan,nan,nan,nan
8.73,1.49,-0.50,1.08,5.05
8.75,1.49,-0.50,1.02,5.03
nan,nan,nan,nan,nan
8.76,1.49,1.70,0.06,5.09
nan,nan,nan,nan,nan
8.77,1.49,1.70,1.08,5.05
8.78,1.49,1.10,0.96,5.03
nan,nan,nan,nan,nan
8.79,1.49,3.30,0.06,5.09
nan,nan,nan,nan,nan
8.80,1.49,1.70,1.02,5.05
8.81,1.49,-1.00,0.12,5.11
nan,nan,nan,nan,nan
8.82,1.49,1.70,0.12,5.09
nan,nan,nan,nan,nan
8.83,1.49,-1.60,1.08,5.05
8.85,1.49,0.00,0.06,5.05
nan,nan,nan,nan,nan
8.86,1.49,2.20,1.14,5.01
nan,nan,nan,nan,nan
8.87,1.49,0.00,1.02,4.96
8.88,1.49,1.70,1.02,4.94
8.89,1.49,1.10,0.12,5.01
nan,nan,nan,nan,nan
8.90,1.49,2.20,0.06,5.07
nan,nan,nan,nan,nan
8.91,1.49,3.30,1.26,5.03
8.92,1.49,2.80,1.14,4.99
nan,nan,nan,nan,nan
8.93,1.49,4.40,1.02,4.96
8.94,1.49,2.80,0.06,5.03
nan,nan,nan,nan,nan
8.95,1.49,0.60,1.08,4.99
8.96,1.49,1.70,0.06,5.05
nan,nan,nan,nan,nan
8.97,1.49,1.10,1.08,5.01
8.98,1.49,2.80,1.08,4.99
nan,nan,nan,nan,nan
8.99,1.49,1.70,1.02,4.94
nan,nan,nan,nan,nan
9.00,59.96,0.60,0.06,5.03
9.01,59.96,9.30,1.08,4.99
nan,nan,nan,nan,nan
9.02,59.96,25.00,1.14,4.96
9.03,59.96,30.40,0.06,5.05
nan,nan,nan,nan,nan
9.05,59.96,46.20,1.50,5.01
nan,nan,nan,nan,nan
9.06,59.96,59.70,3.00,4.90
nan,nan,nan,nan,nan
9.07,59.96,60.80,2.94,4.86
9.08,59.96,58.60,3.60,4.73
nan,nan,nan,nan,nan
9.09,59.96,59.70,3.84,4.65
nan,nan,nan,nan,nan
9.10,59.96,60.30,3.06,4.62
9.11,59.96,60.80,3.72,4.60
nan,nan,nan,nan,nan
9.12,59.96,62.40,4.26,4.50
9.13,59.96,60.80,3.06,4.52
nan,nan,nan,nan,nan
9.14,59.96,57.60,3.66,4.50
nan,nan,nan,nan,nan
9.15,59.96,60.30,5.76,4.39
9.17,59.96,58.60,3.96,4.37
nan,nan,nan,nan,nan
9.18,59.96,59.20,3.00,4.39
9.19,59.96,58.10,4.50,4.39
nan,nan,nan,nan,nan
9.20,59.96,58.60,4.86,4.39
nan,nan,nan,nan,nan
9.21,59.96,61.90,3.96,4.37
9.22,59.96,61.40,4.68,4.29
nan,nan,nan,nan,nan
9.23,59.96,61.90,3.54,4.31
9.24,59.96,61.40,3.84,4.39
nan,nan,nan,nan,nan
9.25,59.96,57.60,4.50,4.39
nan,nan,nan,nan,nan
9.26,59.96,60.30,4.68,4.29
9.27,59.96,58.10,3.84,4.29
nan,nan,nan,nan,nan
9.28,59.96,58.60,3.78,4.31
nan,nan,nan,nan,nan
9.29,59.96,57.60,4.20,4.31
9.30,59.96,58.10,4.80,4.31
nan,nan,nan,nan,nan
9.31,59.96,59.20,3.96,4.31
9.33,59.96,60.30,3.00,4.39
nan,nan,nan,nan,nan
9.34,59.96,60.80,4.62,4.41
9.35,59.96,61.40,4.44,4.41
nan,nan,nan,nan,nan
9.36,59.96,60.30,5.16,4.31
nan,nan,nan,nan,nan
9.37,59.96,60.30,3.90,4.31
9.38,59.96,61.40,2.94,4.41
nan,nan,nan,nan,nan
9.39,59.96,58.60,4.92,4.39
9.40,59.96,62.40,4.02,4.41
nan,nan,nan,nan,nan
9.41,59.96,59.20,4.02,4.41
nan,nan,nan,nan,nan
9.42,59.96,60.30,4.86,4.39
9.43,59.96,58.60,4.26,4.39
nan,nan,nan,nan,nan
9.44,59.96,59.70,4.50,4.39
9.45,59.96,59.70,3.78,4.48
nan,nan,nan,nan,nan
9.46,59.96,60.30,3.96,4.48
9.47,59.96,61.40,4.02,4.48
nan,nan,nan,nan,nan
9.48,59.96,58.60,4.14,4.48
nan,nan,nan,nan,nan
nan,nan,nan,nan,nan
nan,nan,nan,nan,nan
nan,nan,nan,nan,nan
9.51,59.96,58.60,5.40,4.35
9.52,59.96,59.20,3.96,4.33
nan,nan,nan,nan,nan
9.53,59.96,56.50,3.54,4.43
9.54,59.96,58.10,3.90,4.52
nan,nan,nan,nan,nan
9.56,59.96,60.80,5.88,4.43
nan,nan,nan,nan,nan
9.57,59.96,61.90,4.86,4.43
9.58,59.96,61.90,3.96,4.52
nan,nan,nan,nan,nan
9.59,59.96,60.30,3.90,4.60
nan,nan,nan,nan,nan
nan,nan,nan,nan,nan
nan,nan,nan,nan,nan
9.62,59.96,60.30,6.84,4.45
nan,nan,nan,nan,nan
9.63,59.96,61.40,5.82,4.35
9.64,59.96,62.40,4.74,4.35
nan,nan,nan,nan,nan
9.65,59.96,59.70,4.02,4.43
9.66,59.96,60.80,3.96,4.52
nan,nan,nan,nan,nan
9.67,59.96,58.10,3.96,4.54
nan,nan,nan,nan,nan
9.68,59.96,63.00,4.74,4.54
9.69,59.96,59.70,4.86,4.41
nan,nan,nan,nan,nan
9.70,59.96,60.30,3.96,4.50
nan,nan,nan,nan,nan
nan,nan,nan,nan,nan
nan,nan,nan,nan,nan
9.73,59.96,58.60,3.36,4.65
nan,nan,nan,nan,nan
9.74,59.96,61.90,4.56,4.65
9.75,59.96,59.20,6.06,4.52
nan,nan,nan,nan,nan
9.76,59.96,60.80,4.80,4.54
nan,nan,nan,nan,nan
9.77,59.96,60.80,4.80,4.52
9.78,59.96,61.90,3.90,4.60
nan,nan,nan,nan,nan
9.80,59.96,59.20,4.08,4.62
nan,nan,nan,nan,nan
9.81,59.96,58.60,4.80,4.60
nan,nan,nan,nan,nan
nan,nan,nan,nan,nan
nan,nan,nan,nan,nan
9.83,59.96,59.70,3.30,4.71
9.85,59.96,58.60,4.80,4.69
nan,nan,nan,nan,nan
9.86,59.96,58.60,5.40,4.60
nan,nan,nan,nan,nan
9.87,59.96,60.30,3.90,4.58
9.88,59.96,60.30,2.94,4.67
nan,nan,nan,nan,nan
9.89,59.96,59.20,3.54,4.75
9.90,59.96,58.60,4.74,4.73
nan,nan,nan,nan,nan
9.91,59.96,61.40,4.86,4.71
9.92,59.96,60.30,5.04,4.58
nan,nan,nan,nan,nan
9.93,59.96,60.30,3.84,4.60
nan,nan,nan,nan,nan
9.94,59.96,60.30,2.94,4.69
9.95,59.96,58.10,3.96,4.75
nan,nan,nan,nan,nan
9.96,59.96,58.60,4.92,4.73
9.97,59.96,60.80,4.92,4.71
nan,nan,nan,nan,nan
9.98,59.96,59.70,4.56,4.69
9.99,59.96,59.70,3.00,4.79
nan,nan,nan,nan,nan
10.00,59.96,60.30,4.02,4.77
nan,nan,nan,nan,nan
10.01,59.96,59.20,4.86,4.73
10.02,59.96,58.60,4.86,4.71
nan,nan,nan,nan,nan
10.03,59.96,60.80,4.92,4.69
10.04,59.96,61.90,4.50,4.67
nan,nan,nan,nan,nan
10.06,59.96,60.80,3.96,4.75
nan,nan,nan,nan,nan
10.07,59.96,63.00,4.02,4.75
10.08,59.96,58.60,4.02,4.82
nan,nan,nan,nan,nan
10.09,59.96,58.10,4.74,4.79
10.10,59.96,57.60,5.88,4.67
nan,nan,nan,nan,nan
10.11,59.96,61.40,4.80,4.65
10.12,59.96,60.30,3.96,4.75
nan,nan,nan,nan,nan
10.13,59.96,60.30,4.86,4.73
nan,nan,nan,nan,nan
10.14,59.96,63.50,3.00,4.82
10.15,59.96,63.50,4.86,4.77
nan,nan,nan,nan,nan
10.16,59.96,58.60,4.80,4.75
10.17,59.96,59.20,4.80,4.73
nan,nan,nan,nan,nan
10.18,59.96,59.20,3.90,4.82
nan,nan,nan,nan,nan
10.19,59.96,60.30,3.96,4.82
10.20,59.96,58.60,4.14,4.77
nan,nan,nan,nan,nan
10.21,59.96,63.00,4.50,4.75
10.23,59.96,58.60,4.68,4.73
nan,nan,nan,nan,nan
nan,nan,nan,nan,nan
nan,nan,nan,nan,nan
10.25,59.96,60.30,3.12,4.86
nan,nan,nan,nan,nan
10.26,59.96,58.60,4.86,4.84
nan,nan,nan,nan,nan
10.27,59.96,59.70,4.80,4.79
10.28,59.96,58.60,4.56,4.77
nan,nan,nan,nan,nan
10.29,59.96,60.30,3.90,4.86
10.31,59.96,59.70,5.16,4.82
nan,nan,nan,nan,nan
10.32,59.96,59.70,4.86,4.79
10.33,59.96,60.80,4.44,4.77
nan,nan,nan,nan,nan
nan,nan,nan,nan,nan
nan,nan,nan,nan,nan
nan,nan,nan,nan,nan
10.35,59.96,60.80,3.96,4.79
10.36,59.96,57.60,3.24,4.88
nan,nan,nan,nan,nan
10.37,59.96,59.70,4.86,4.84
10.39,59.96,60.80,4.80,4.82
nan,nan,nan,nan,nan
10.40,59.96,59.70,5.04,4.71
nan,nan,nan,nan,nan
10.41,59.96,61.40,3.42,4.79
10.42,59.96,61.90,3.84,4.86
nan,nan,nan,nan,nan
10.43,59.96,60.30,4.98,4.84
10.44,59.96,58.60,4.86,4.82
nan,nan,nan,nan,nan
10.45,59.96,59.70,4.38,4.79
10.46,59.96,63.00,3.78,4.86
nan,nan,nan,nan,nan
10.47,59.96,60.30,3.60,4.86
nan,nan,nan,nan,nan
10.48,59.96,57.00,4.86,4.82
10.49,59.96,61.90,4.98,4.79
nan,nan,nan,nan,nan
10.50,59.96,60.80,4.68,4.77
10.51,59.96,61.40,4.08,4.84
nan,nan,nan,nan,nan
10.52,59.96,60.30,4.20,4.82
10.53,59.96,58.60,3.90,4.88
nan,nan,nan,nan,nan
10.54,59.96,60.80,3.90,4.88
nan,nan,nan,nan,nan
10.55,59.96,61.90,4.80,4.86
10.57,59.96,61.40,4.92,4.82
nan,nan,nan,nan,nan
10.58,59.96,60.30,4.86,4.79
10.59,59.96,61.40,3.96,4.88
nan,nan,nan,nan,nan
10.60,59.96,60.80,4.26,4.84
nan,nan,nan,nan,nan
10.61,59.96,60.30,4.86,4.73
10.62,59.96,59.70,3.90,4.82
nan,nan,nan,nan,nan
nan,nan,nan,nan,nan
10.64,59.96,61.40,3.90,4.86
nan,nan,nan,nan,nan
nan,nan,nan,nan,nan
10.66,59.96,59.70,5.40,4.82
nan,nan,nan,nan,nan
10.67,59.96,62.40,4.98,4.77
10.68,59.96,60.30,4.86,4.75
nan,nan,nan,nan,nan
10.69,59.96,54.80,4.32,4.73
10.70,59.96,62.40,4.98,4.71
nan,nan,nan,nan,nan
10.71,59.96,55.40,3.24,4.79
10.72,59.96,58.10,4.56,4.88
nan,nan,nan,nan,nan
nan,nan,nan,nan,nan
nan,nan,nan,nan,nan
nan,nan,nan,nan,nan
10.75,59.96,59.20,4.92,4.77
10.76,59.96,58.10,4.86,4.69
nan,nan,nan,nan,nan
10.77,59.96,61.90,4.56,4.67
nan,nan,nan,nan,nan
10.78,59.96,60.80,2.52,4.84
10.79,59.96,59.20,4.68,4.82
nan,nan,nan,nan,nan
10.80,59.96,60.30,4.86,4.79
10.81,59.96,57.60,4.02,4.86
nan,nan,nan,nan,nan
10.82,59.96,60.30,4.38,4.84
10.83,59.96,61.90,4.32,4.79
nan,nan,nan,nan,nan
10.84,59.96,60.30,3.96,4.79
nan,nan,nan,nan,nan
10.85,59.96,59.70,3.60,4.88
10.87,59.96,61.90,4.68,4.84
nan,nan,nan,nan,nan
10.88,59.96,59.70,4.80,4.82
10.89,59.96,59.20,3.90,4.88
nan,nan,nan,nan,nan
10.90,59.96,58.10,4.98,4.86
10.91,59.96,58.10,4.68,4.84
nan,nan,nan,nan,nan
10.92,59.96,60.80,4.74,4.82
nan,nan,nan,nan,nan
10.93,59.96,62.40,3.96,4.90
10.94,59.96,59.20,4.74,4.86
nan,nan,nan,nan,nan
10.95,59.96,59.70,4.86,4.84
10.96,59.96,57.60,4.74,4.82
nan,nan,nan,nan,nan
10.97,59.96,60.80,3.96,4.88
10.98,59.96,60.80,4.38,4.86
nan,nan,nan,nan,nan
10.99,59.96,60.80,3.78,4.92
11.00,59.96,60.80,5.34,4.82
nan,nan,nan,nan,nan
11.01,59.96,60.80,3.96,4.79
nan,nan,nan,nan,nan
11.02,59.96,59.20,3.78,4.86
11.03,59.96,60.80,3.90,4.92
nan,nan,nan,nan,nan
11.04,59.96,60.80,4.86,4.90
11.05,59.96,60.80,4.86,4.86
nan,nan,nan,nan,nan
11.06,59.96,58.60,4.14,4.84
11.07,59.96,58.60,4.26,4.82
nan,nan,nan,nan,nan
11.08,59.96,59.20,3.06,4.88
nan,nan,nan,nan,nan
11.09,59.96,58.60,4.80,4.88
11.10,59.96,58.60,5.58,4.84
nan,nan,nan,nan,nan
11.11,59.96,60.30,4.74,4.82
11.12,59.96,59.70,3.96,4.88
nan,nan,nan,nan,nan
11.14,59.96,59.70,4.02,4.96
11.15,59.96,60.80,4.68,4.92
nan,nan,nan,nan,nan
11.16,59.96,61.90,4.74,4.90
nan,nan,nan,nan,nan
11.17,59.96,60.30,4.68,4.86
11.18,59.96,58.60,4.74,4.86
nan,nan,nan,nan,nan
11.19,59.96,60.30,3.96,4.92
11.20,59.96,59.70,4.86,4.90
nan,nan,nan,nan,nan
11.21,59.96,60.80,4.86,4.86
11.22,59.96,58.60,3.96,4.84
nan,nan,nan,nan,nan
11.23,59.96,60.80,3.66,4.90
nan,nan,nan,nan,nan
11.24,59.96,57.60,4.20,4.99
11.25,59.96,58.60,5.88,4.86
nan,nan,nan,nan,nan
11.26,59.96,58.10,4.92,4.84
11.27,59.96,57.60,4.98,4.82
nan,nan,nan,nan,nan
11.28,59.96,62.40,3.90,4.88
11.29,59.96,58.60,3.96,4.94
nan,nan,nan,nan,nan
11.30,59.96,61.40,4.86,4.92
nan,nan,nan,nan,nan
11.31,59.96,60.30,5.58,4.88
11.32,59.96,60.30,4.02,4.86
nan,nan,nan,nan,nan
11.33,59.96,58.60,3.90,4.94
11.34,59.96,55.90,4.86,4.90
nan,nan,nan,nan,nan
11.36,59.96,60.30,4.08,4.96
11.37,59.96,59.70,4.44,4.94
nan,nan,nan,nan,nan
11.38,59.96,61.90,3.96,4.90
11.39,59.96,59.20,3.90,4.99
nan,nan,nan,nan,nan
11.40,59.96,60.30,5.40,4.86
nan,nan,nan,nan,nan
11.41,59.96,60.80,4.86,4.84
11.42,59.96,59.70,2.94,5.01
nan,nan,nan,nan,nan
11.43,59.96,60.30,5.64,4.96
11.44,59.96,57.60,4.92,4.94
nan,nan,nan,nan,nan
11.45,59.96,62.40,4.26,4.90
11.46,59.96,61.40,4.26,4.88
nan,nan,nan,nan,nan
11.47,59.96,59.20,3.72,4.94
nan,nan,nan,nan,nan
11.48,59.96,58.60,5.22,4.92
11.49,59.96,61.90,4.86,4.90
nan,nan,nan,nan,nan
11.50,59.96,61.40,4.14,4.88
11.51,59.96,61.90,4.92,4.84
nan,nan,nan,nan,nan
11.52,59.96,60.30,3.00,4.92
11.53,59.96,61.40,3.84,4.99
nan,nan,nan,nan,nan
11.54,59.96,61.90,4.68,4.94
11.55,59.96,58.60,3.90,4.92
nan,nan,nan,nan,nan
nan,nan,nan,nan,nan
nan,nan,nan,nan,nan
nan,nan,nan,nan,nan
11.58,59.96,60.30,4.92,4.84
11.59,59.96,60.80,3.66,4.90
nan,nan,nan,nan,nan
11.60,59.96,58.60,3.84,4.96
11.61,59.96,60.80,4.86,4.94
nan,nan,nan,nan,nan
11.62,59.96,59.20,5.88,4.90
11.63,59.96,60.30,3.60,4.96
nan,nan,nan,nan,nan
11.64,59.96,60.30,4.92,4.96
nan,nan,nan,nan,nan
11.65,59.96,60.30,4.92,5.03
nan,nan,nan,nan,nan
nan,nan,nan,nan,nan
nan,nan,nan,nan,nan
11.68,59.96,61.40,5.88,4.90
nan,nan,nan,nan,nan
11.69,59.96,61.40,4.86,4.86
11.71,59.96,61.40,3.60,4.96
nan,nan,nan,nan,nan
11.72,59.96,59.70,4.68,4.92
11.73,59.96,60.80,3.90,4.99
nan,nan,nan,nan,nan
11.74,59.96,61.40,4.86,4.96
11.75,59.96,59.70,4.74,4.92
nan,nan,nan,nan,nan
11.76,59.96,59.70,4.98,4.90
nan,nan,nan,nan,nan
11.77,59.96,57.60,3.96,4.96
11.78,59.96,57.60,5.10,4.86
nan,nan,nan,nan,nan
11.79,59.96,63.00,4.74,4.82
11.80,59.96,60.80,3.12,4.90
nan,nan,nan,nan,nan
11.81,59.96,57.60,3.96,4.96
11.82,59.96,58.60,5.46,4.92
nan,nan,nan,nan,nan
11.83,59.96,59.20,3.96,4.90
nan,nan,nan,nan,nan
11.84,59.96,60.30,3.90,4.96
11.85,59.96,58.60,5.16,4.94
nan,nan,nan,nan,nan
11.86,59.96,59.70,4.68,4.92
11.87,59.96,61.40,4.98,4.88
nan,nan,nan,nan,nan
11.88,59.96,62.40,3.36,4.94
11.89,59.96,60.30,4.32,4.92
nan,nan,nan,nan,nan
11.90,59.96,59.70,3.90,4.99
nan,nan,nan,nan,nan
11.91,59.96,60.80,6.24,4.88
11.93,59.96,61.90,5.34,4.84
nan,nan,nan,nan,nan
11.94,59.96,57.00,3.96,4.92
11.95,59.96,58.60,4.14,4.99
nan,nan,nan,nan,nan
11.96,59.96,59.20,4.92,4.94
11.97,59.96,60.30,3.96,4.92
nan,nan,nan,nan,nan
11.98,59.96,57.60,4.92,4.88
nan,nan,nan,nan,nan
11.99,59.96,58.60,3.00,4.99
12.00,0.00,57.00,4.80,5.01
nan,nan,nan,nan,nan
12.01,0.00,46.70,3.96,4.99
nan,nan,nan,nan,nan
12.03,0.00,36.40,3.90,4.96
nan,nan,nan,nan,nan
12.04,0.00,22.80,2.76,5.05
nan,nan,nan,nan,nan
12.05,0.00,10.90,1.98,5.11
nan,nan,nan,nan,nan
12.06,0.00,0.60,0.48,5.28
12.07,0.00,-2.70,1.08,5.43
nan,nan,nan,nan,nan
12.08,0.00,0.00,1.08,5.47
12.09,0.00,-1.00,1.02,5.52
nan,nan,nan,nan,nan
12.10,0.00,0.60,0.78,5.56
12.11,0.00,0.60,0.78,5.58
12.12,0.00,2.80,0.06,5.73
nan,nan,nan,nan,nan
12.13,0.00,0.60,0.54,5.75
12.14,0.00,0.60,1.38,5.66
nan,nan,nan,nan,nan
12.15,0.00,-1.60,0.66,5.71
12.16,0.00,-0.50,0.96,5.75
nan,nan,nan,nan,nan
12.17,0.00,-0.50,1.02,5.77
nan,nan,nan,nan,nan
12.18,0.00,2.20,1.08,5.71
12.19,0.00,-0.50,0.48,5.75
nan,nan,nan,nan,nan
12.20,0.00,-0.50,1.32,5.69
nan,nan,nan,nan,nan
12.22,0.00,-1.00,0.24,5.71
nan,nan,nan,nan,nan
12.23,0.00,1.10,0.06,5.83
12.24,0.00,-1.00,0.96,5.77
nan,nan,nan,nan,nan
12.25,0.00,1.10,1.92,5.71
12.26,0.00,2.80,1.02,5.73
nan,nan,nan,nan,nan
12.27,0.00,1.70,0.06,5.75
12.28,0.00,1.70,1.44,5.69
nan,nan,nan,nan,nan
12.29,0.00,3.30,0.90,5.71
12.30,0.00,-2.70,0.12,5.75
nan,nan,nan,nan,nan
12.31,0.00,1.70,1.14,5.69
12.32,0.00,1.10,0.06,5.71
nan,nan,nan,nan,nan
12.33,0.00,0.60,1.02,5.64
12.34,0.00,-0.50,1.02,5.66
nan,nan,nan,nan,nan
12.35,0.00,1.10,1.62,5.60
12.36,0.00,1.10,1.20,5.54
nan,nan,nan,nan,nan
12.37,0.00,3.30,0.06,5.69
12.38,0.00,-1.00,0.06,5.71
nan,nan,nan,nan,nan
12.39,0.00,-1.60,1.14,5.64
12.40,0.00,1.70,1.02,5.60
nan,nan,nan,nan,nan
12.41,0.00,1.10,1.14,5.54
12.42,0.00,0.00,0.54,5.56
nan,nan,nan,nan,nan
12.43,0.00,-2.70,0.06,5.60
nan,nan,nan,nan,nan
12.44,0.00,0.00,1.14,5.54
12.45,0.00,-2.70,0.36,5.56
nan,nan,nan,nan,nan
12.46,0.00,0.00,0.06,5.62
12.47,0.00,-0.50,1.02,5.56
nan,nan,nan,nan,nan
12.48,0.00,2.80,0.24,5.58
12.49,0.00,-0.50,0.96,5.54
nan,nan,nan,nan,nan
12.50,0.00,-1.00,1.08,5.47
nan,nan,nan,nan,nan
12.51,0.00,-3.20,0.06,5.52
12.53,0.00,-1.00,0.96,5.47
nan,nan,nan,nan,nan
12.54,0.00,-0.50,0.18,5.52
nan,nan,nan,nan,nan
12.55,0.00,0.00,1.02,5.47
12.56,0.00,-1.00,1.74,5.41
nan,nan,nan,nan,nan
12.57,0.00,-3.70,0.18,5.45
nan,nan,nan,nan,nan
12.58,0.00,-0.50,0.96,5.41
nan,nan,nan,nan,nan
12.60,0.00,0.00,0.06,5.45
12.60,0.00,2.80,0.12,5.49
12.61,0.00,-1.00,1.50,5.43
nan,nan,nan,nan,nan
12.63,0.00,-0.50,0.66,5.39
nan,nan,nan,nan,nan
12.64,0.00,0.00,0.12,5.45
12.65,0.00,1.10,0.06,5.49
nan,nan,nan,nan,nan
12.66,0.00,-2.70,1.98,5.41
nan,nan,nan,nan,nan
12.67,0.00,0.00,0.84,5.37
12.68,0.00,-1.00,0.12,5.41
nan,nan,nan,nan,nan
12.69,0.00,2.80,1.08,5.39
nan,nan,nan,nan,nan
12.70,0.00,2.80,0.12,5.43
12.71,0.00,-0.50,1.92,5.37
nan,nan,nan,nan,nan
12.72,0.00,-1.00,1.08,5.32
nan,nan,nan,nan,nan
12.73,0.00,0.00,0.12,5.39
12.74,0.00,-1.00,0.18,5.54
nan,nan,nan,nan,nan
12.75,0.00,1.70,1.08,5.47
12.76,0.00,0.60,1.14,5.41
nan,nan,nan,nan,nan
12.77,0.00,-1.00,1.02,5.37
12.78,0.00,0.60,1.02,5.30
nan,nan,nan,nan,nan
12.79,0.00,0.00,0.12,5.37
12.80,0.00,0.60,0.06,5.41
12.81,0.00,-0.50,1.08,5.35
nan,nan,nan,nan,nan
12.82,0.00,-0.50,0.06,5.39
nan,nan,nan,nan,nan
12.84,0.00,0.60,1.20,5.37
12.84,0.00,2.20,1.50,5.28
nan,nan,nan,nan,nan
12.85,0.00,-1.60,0.06,5.35
nan,nan,nan,nan,nan
12.87,0.00,-2.70,1.02,5.30
12.88,0.00,2.20,0.06,5.35
nan,nan,nan,nan,nan
12.89,0.00,1.70,0.96,5.30
12.90,0.00,1.10,0.90,5.26
12.91,0.00,0.60,0.06,5.30
nan,nan,nan,nan,nan
12.92,0.00,1.70,1.98,5.24
12.92,0.00,-2.10,0.00,5.28
nan,nan,nan,nan,nan
12.94,0.00,-1.00,1.14,5.26
nan,nan,nan,nan,nan
12.95,0.00,-1.00,1.68,5.22
nan,nan,nan,nan,nan
12.96,0.00,0.60,0.00,5.28
12.97,0.00,0.00,0.12,5.32
12.98,0.00,-0.50,1.02,5.26
nan,nan,nan,nan,nan
12.99,0.00,0.60,0.06,5.32
13.00,0.00,-1.00,1.02,5.28
nan,nan,nan,nan,nan
13.01,0.00,-2.70,1.08,5.24
nan,nan,nan,nan,nan
13.02,0.00,0.00,1.08,5.20
13.03,0.00,-2.10,0.06,5.24
nan,nan,nan,nan,nan
13.04,0.00,-1.00,0.90,5.22
nan,nan,nan,nan,nan
13.06,0.00,2.80,0.06,5.26
13.07,0.00,-0.50,1.08,5.22
nan,nan,nan,nan,nan
13.08,0.00,1.70,1.02,5.20
nan,nan,nan,nan,nan
13.09,0.00,2.20,0.12,5.24
13.10,0.00,-0.50,0.00,5.30
nan,nan,nan,nan,nan
13.11,0.00,-0.50,1.02,5.24
13.12,0.00,0.60,1.02,5.22
nan,nan,nan,nan,nan
13.13,0.00,0.00,1.02,5.15
13.14,0.00,-0.50,0.12,5.22
nan,nan,nan,nan,nan
13.15,0.00,1.70,1.08,5.18
nan,nan,nan,nan,nan
13.16,0.00,-1.00,0.06,5.24
13.17,0.00,2.20,1.02,5.20
nan,nan,nan,nan,nan
13.18,0.00,-0.50,0.00,5.24
13.19,0.00,-0.50,1.08,5.20
nan,nan,nan,nan,nan
13.20,0.00,1.10,1.08,5.18
nan,nan,nan,nan,nan
13.21,0.00,-1.00,1.38,5.13
13.22,0.00,3.80,0.24,5.20
nan,nan,nan,nan,nan
13.23,0.00,1.70,0.06,5.24
13.24,0.00,0.00,0.96,5.20
nan,nan,nan,nan,nan
13.25,0.00,-1.60,1.02,5.15
13.27,0.00,0.00,0.00,5.22
nan,nan,nan,nan,nan
13.27,0.00,1.70,1.92,5.15
13.28,0.00,-1.60,1.02,5.11
nan,nan,nan,nan,nan
13.30,0.00,-2.70,0.06,5.28
nan,nan,nan,nan,nan
13.31,0.00,0.00,1.08,5.24
13.32,0.00,-1.00,0.12,5.28
nan,nan,nan,nan,nan
13.33,0.00,-1.00,1.20,5.26
13.34,0.00,1.70,1.08,5.20
nan,nan,nan,nan,nan
13.35,0.00,-0.50,1.08,5.15
nan,nan,nan,nan,nan
13.36,0.00,1.10,0.00,5.24
13.37,0.00,1.10,0.48,5.18
13.38,0.00,0.00,0.06,5.24
13.39,0.00,1.70,1.02,5.18
nan,nan,nan,nan,nan
13.40,0.00,0.00,1.08,5.13
13.41,0.00,-2.10,1.08,5.09
nan,nan,nan,nan,nan
13.42,0.00,-1.00,0.00,5.15
nan,nan,nan,nan,nan
13.43,0.00,0.00,0.00,5.22
13.44,0.00,1.10,1.08,5.18
nan,nan,nan,nan,nan
13.45,0.00,1.10,1.08,5.13
13.46,0.00,0.00,1.08,5.09
13.47,0.00,0.00,0.12,5.13
nan,nan,nan,nan,nan
13.47,0.00,-1.00,1.02,5.09
13.49,0.00,-1.00,0.00,5.13
nan,nan,nan,nan,nan
13.50,0.00,1.10,1.02,5.11
nan,nan,nan,nan,nan
13.51,0.00,1.70,1.02,5.07
13.52,0.00,1.10,0.12,5.13
13.53,0.00,0.00,0.96,5.09
nan,nan,nan,nan,nan
13.53,0.00,-0.50,0.00,5.13
nan,nan,nan,nan,nan
13.55,0.00,-1.60,1.02,5.11
13.56,0.00,-1.00,1.02,5.07
nan,nan,nan,nan,nan
13.57,0.00,-1.00,1.08,5.05
nan,nan,nan,nan,nan
13.58,0.00,-1.00,0.12,5.11
13.59,0.00,-1.60,1.02,5.09
nan,nan,nan,nan,nan
13.60,0.00,1.10,1.02,5.05
nan,nan,nan,nan,nan
13.61,0.00,1.70,0.06,5.11
13.62,0.00,0.60,0.06,5.18
13.63,0.00,-0.50,0.96,5.11
nan,nan,nan,nan,nan
13.64,0.00,0.00,1.08,5.09
nan,nan,nan,nan,nan
13.65,0.00,0.00,0.12,5.15
13.66,0.00,-2.70,1.08,5.11
nan,nan,nan,nan,nan
13.67,0.00,0.00,0.90,5.07
13.68,0.00,-2.10,0.06,5.11
nan,nan,nan,nan,nan
13.70,0.00,0.60,0.12,5.18
13.70,0.00,2.20,1.38,5.13
nan,nan,nan,nan,nan
13.71,0.00,0.00,1.14,5.09
13.72,0.00,0.60,1.02,5.05
13.73,0.00,-0.50,0.12,5.09
nan,nan,nan,nan,nan
13.74,0.00,-1.60,1.08,5.07
nan,nan,nan,nan,nan
13.75,0.00,-2.70,0.06,5.13
nan,nan,nan,nan,nan
13.77,0.00,-1.00,0.96,5.11
13.78,0.00,1.70,0.96,5.07
nan,nan,nan,nan,nan
13.79,0.00,0.00,0.06,5.13
13.80,0.00,0.60,1.20,5.09
nan,nan,nan,nan,nan
13.81,0.00,0.00,1.08,5.07
13.82,0.00,3.80,1.02,5.03
nan,nan,nan,nan,nan
13.83,0.00,-1.00,0.06,5.09
13.84,0.00,-0.50,0.06,5.13
nan,nan,nan,nan,nan
13.85,0.00,-1.60,1.08,5.11
nan,nan,nan,nan,nan
13.86,0.00,0.00,1.08,5.09
13.87,0.00,-1.60,0.96,5.05
nan,nan,nan,nan,nan
13.88,0.00,1.10,0.06,5.11
13.89,0.00,-1.60,1.02,5.07
nan,nan,nan,nan,nan
13.90,0.00,0.60,1.08,5.03
13.91,0.00,0.00,0.06,5.09
nan,nan,nan,nan,nan
13.92,0.00,1.10,0.06,5.15
13.93,0.00,-0.50,1.02,5.09
nan,nan,nan,nan,nan
13.94,0.00,2.80,1.08,5.07
13.95,0.00,-1.00,0.90,5.03
nan,nan,nan,nan,nan
13.96,0.00,-0.50,0.06,5.09
13.97,0.00,1.70,1.26,5.07
nan,nan,nan,nan,nan
13.98,0.00,0.00,1.08,5.03
13.99,0.00,-1.60,0.06,5.07
nan,nan,nan,nan,nan
14.00,0.00,0.00,1.02,5.05
14.01,0.00,-0.50,1.02,5.01
nan,nan,nan,nan,nan
14.02,0.00,1.10,0.00,5.09
nan,nan,nan,nan,nan
14.03,0.00,1.70,1.08,5.05
14.04,0.00,-1.00,1.02,5.01
nan,nan,nan,nan,nan
14.05,0.00,1.10,0.06,5.07
14.06,0.00,1.70,0.00,5.13
nan,nan,nan,nan,nan
14.07,0.00,-1.60,1.08,5.09
14.08,0.00,0.60,1.02,5.05
nan,nan,nan,nan,nan
14.09,0.00,3.30,1.08,5.01
14.10,0.00,0.00,0.00,5.07
14.11,0.00,-0.50,1.08,5.05
nan,nan,nan,nan,nan
14.12,0.00,3.30,0.06,5.09
nan,nan,nan,nan,nan
14.13,0.00,0.00,0.96,5.07
14.14,0.00,-0.50,0.96,5.03
nan,nan,nan,nan,nan
14.15,0.00,-1.60,1.20,4.99
nan,nan,nan,nan,nan
14.17,0.00,1.70,0.00,5.07
14.18,0.00,-2.10,0.06,5.13
nan,nan,nan,nan,nan
14.19,0.00,-2.10,0.06,5.18
14.20,0.00,2.80,1.98,5.07
nan,nan,nan,nan,nan
14.21,0.00,-1.00,0.96,5.03
nan,nan,nan,nan,nan
14.22,0.00,-1.60,0.12,5.09
14.23,0.00,-0.50,0.06,5.15
nan,nan,nan,nan,nan
14.25,0.00,-0.50,1.08,5.11
nan,nan,nan,nan,nan
14.26,0.00,1.70,1.08,5.09
nan,nan,nan,nan,nan
14.27,0.00,1.70,0.90,5.05
14.28,0.00,-3.20,0.12,5.11
nan,nan,nan,nan,nan
14.29,0.00,-0.50,0.00,5.18
14.30,0.00,0.00,2.04,5.05
nan,nan,nan,nan,nan
14.31,0.00,1.70,0.12,5.09
14.32,0.00,2.20,1.08,5.05
nan,nan,nan,nan,nan
14.33,0.00,0.00,0.96,5.03
14.34,0.00,-0.50,0.12,5.09
nan,nan,nan,nan,nan
14.35,0.00,-2.10,1.08,5.05
nan,nan,nan,nan,nan
14.36,0.00,1.10,1.02,5.03
14.37,0.00,-2.10,0.06,5.07
nan,nan,nan,nan,nan
14.38,0.00,0.00,0.06,5.13
14.39,0.00,0.60,1.08,5.11
14.40,0.00,1.10,0.96,5.05
nan,nan,nan,nan,nan
14.41,0.00,1.70,0.06,5.11
14.42,0.00,-1.00,1.08,5.07
nan,nan,nan,nan,nan
14.43,0.00,1.70,1.02,5.03
14.44,0.00,0.00,1.02,4.99
nan,nan,nan,nan,nan
14.45,0.00,-3.20,0.06,5.05
14.46,0.00,1.10,0.12,5.11
nan,nan,nan,nan,nan
14.47,0.00,-1.60,1.02,5.07
nan,nan,nan,nan,nan
14.48,0.00,0.00,1.08,5.05
14.49,0.00,0.60,0.96,5.01
14.50,0.00,0.60,0.06,5.07
14.51,0.00,-2.10,0.06,5.11
nan,nan,nan,nan,nan
nan,nan,nan,nan,nan
14.52,0.00,1.10,2.04,5.01
14.53,0.00,-0.50,0.96,4.99
nan,nan,nan,nan,nan
14.54,0.00,1.70,0.12,5.05
nan,nan,nan,nan,nan
14.55,0.00,-1.60,1.02,5.01
14.57,0.00,-0.50,0.06,5.09
nan,nan,nan,nan,nan
14.58,0.00,1.10,1.02,5.05
nan,nan,nan,nan,nan
14.59,0.00,0.60,0.96,5.03
14.60,0.00,-2.10,0.00,5.07
nan,nan,nan,nan,nan
14.61,0.00,-1.00,0.12,5.13
14.62,0.00,0.60,1.02,5.11
nan,nan,nan,nan,nan
14.63,0.00,0.00,1.08,5.07
14.64,0.00,-1.60,1.02,5.03
nan,nan,nan,nan,nan
14.65,0.00,-1.60,0.96,4.99
14.66,0.00,1.70,0.06,5.07
nan,nan,nan,nan,nan
14.67,0.00,0.00,0.84,5.03
14.68,0.00,1.70,0.12,5.07
nan,nan,nan,nan,nan
14.69,0.00,0.00,1.14,5.03
14.70,0.00,0.00,1.08,5.01
nan,nan,nan,nan,nan
14.71,0.00,0.60,0.06,5.07
14.72,0.00,-1.00,0.96,5.01
nan,nan,nan,nan,nan
14.73,0.00,-0.50,0.12,5.09
14.74,0.00,-1.00,1.08,5.05
nan,nan,nan,nan,nan
14.75,0.00,-1.00,1.02,5.03
nan,nan,nan,nan,nan
14.76,0.00,-1.00,1.02,4.99
nan,nan,nan,nan,nan
14.77,0.00,1.70,0.06,5.07
14.78,0.00,0.00,1.08,5.05
14.79,0.00,-2.70,0.06,5.07
nan,nan,nan,nan,nan
14.80,0.00,0.60,1.08,5.07
14.81,0.00,2.80,0.06,5.11
nan,nan,nan,nan,nan
14.82,0.00,2.20,1.02,5.07
14.83,0.00,-3.20,0.96,5.03
nan,nan,nan,nan,nan
14.84,0.00,-2.10,0.90,5.01
nan,nan,nan,nan,nan
14.86,0.00,-1.00,0.84,4.99
nan,nan,nan,nan,nan
14.87,0.00,-2.10,0.12,5.05
14.88,0.00,-0.50,1.02,5.03
nan,nan,nan,nan,nan
14.89,0.00,1.10,0.06,5.09
nan,nan,nan,nan,nan
14.90,0.00,2.20,1.26,5.05
14.91,0.00,0.60,1.08,5.03
14.92,0.00,1.70,0.18,5.09
nan,nan,nan,nan,nan
14.93,0.00,1.70,1.02,5.05
14.94,0.00,-2.70,1.02,5.01
nan,nan,nan,nan,nan
14.95,0.00,2.20,0.00,5.07
nan,nan,nan,nan,nan
14.96,0.00,1.10,0.12,5.13
14.97,0.00,1.70,1.14,5.09
14.98,0.00,-0.50,1.08,5.05
nan,nan,nan,nan,nan
14.99,0.00,0.60,0.90,5.03
15.00,0.00,-1.60,0.96,4.99
15.00,85.17,-1.00,0.06,5.05
15.01,85.17,11.40,1.08,5.03
nan,nan,nan,nan,nan
15.02,85.17,21.20,0.00,5.09
nan,nan,nan,nan,nan
15.03,85.17,33.70,1.98,5.05
15.05,85.17,46.20,2.04,5.03
nan,nan,nan,nan,nan
15.06,85.17,57.60,1.98,4.99
nan,nan,nan,nan,nan
15.07,85.17,66.20,3.60,4.86
15.08,85.17,80.30,3.24,4.75
nan,nan,nan,nan,nan
15.09,85.17,85.80,2.94,4.73
15.10,85.17,86.30,4.08,4.62
nan,nan,nan,nan,nan
15.11,85.17,85.80,5.82,4.50
nan,nan,nan,nan,nan
15.12,85.17,83.60,5.76,4.33
15.13,85.17,83.10,5.82,4.22
nan,nan,nan,nan,nan
15.14,85.17,86.30,4.08,4.22
nan,nan,nan,nan,nan
15.15,85.17,84.10,6.60,4.12
15.17,85.17,84.70,6.18,4.07
nan,nan,nan,nan,nan
15.18,85.17,86.30,4.92,4.07
15.19,85.17,86.30,4.86,4.07
nan,nan,nan,nan,nan
15.20,85.17,85.20,5.94,4.07
nan,nan,nan,nan,nan
15.21,85.17,86.90,5.16,4.09
15.22,85.17,88.50,7.74,4.01
nan,nan,nan,nan,nan
15.23,85.17,85.20,6.00,3.92
15.24,85.17,84.70,4.92,3.97
nan,nan,nan,nan,nan
15.25,85.17,82.50,4.92,3.99
nan,nan,nan,nan,nan
15.26,85.17,85.80,5.70,4.09
15.27,85.17,84.70,5.88,4.09
nan,nan,nan,nan,nan
15.28,85.17,88.50,6.48,4.01
15.29,85.17,85.20,5.16,4.05
nan,nan,nan,nan,nan
15.30,85.17,86.30,6.12,4.07
nan,nan,nan,nan,nan
15.31,85.17,84.70,6.06,4.07
15.32,85.17,87.40,5.34,4.09
nan,nan,nan,nan,nan
15.33,85.17,84.10,6.30,4.09
15.34,85.17,84.10,7.14,4.03
nan,nan,nan,nan,nan
15.36,85.17,85.20,5.82,4.05
nan,nan,nan,nan,nan
15.37,85.17,86.30,5.46,4.05
15.38,85.17,85.20,6.42,4.07
nan,nan,nan,nan,nan
15.39,85.17,84.70,6.36,4.07
15.40,85.17,84.70,5.76,4.07
nan,nan,nan,nan,nan
15.41,85.17,82.50,6.90,4.03
15.42,85.17,87.40,6.78,4.03
nan,nan,nan,nan,nan
15.43,85.17,86.90,6.06,4.05
15.44,85.17,84.10,6.00,4.05
nan,nan,nan,nan,nan
15.45,85.17,85.20,5.88,4.07
nan,nan,nan,nan,nan
15.46,85.17,84.70,4.26,4.20
15.47,85.17,87.90,6.66,4.20
nan,nan,nan,nan,nan
15.48,85.17,85.20,6.18,4.20
15.49,85.17,82.00,7.14,4.12
nan,nan,nan,nan,nan
15.50,85.17,86.30,6.00,4.12
nan,nan,nan,nan,nan
15.51,85.17,87.90,4.98,4.22
15.52,85.17,86.90,5.88,4.22
nan,nan,nan,nan,nan
15.54,85.17,85.80,7.02,4.16
15.55,85.17,83.60,7.50,4.07
nan,nan,nan,nan,nan
15.56,85.17,83.60,5.94,4.07
15.57,85.17,85.20,5.88,4.07
nan,nan,nan,nan,nan
15.58,85.17,86.30,5.58,4.18
nan,nan,nan,nan,nan
15.59,85.17,85.80,7.02,4.20
15.60,85.17,86.30,7.80,4.14
nan,nan,nan,nan,nan
15.61,85.17,83.60,6.48,4.14
15.62,85.17,90.10,5.40,4.24
nan,nan,nan,nan,nan
15.63,85.17,83.10,6.54,4.24
nan,nan,nan,nan,nan
15.64,85.17,86.90,6.66,4.24
15.65,85.17,85.20,6.72,4.24
nan,nan,nan,nan,nan
15.66,85.17,86.30,6.54,4.26
15.67,85.17,86.30,5.94,4.26
nan,nan,nan,nan,nan
15.68,85.17,88.50,5.70,4.26
15.69,85.17,84.70,5.70,4.37
nan,nan,nan,nan,nan
15.70,85.17,85.20,7.74,4.35
nan,nan,nan,nan,nan
15.71,85.17,84.10,6.12,4.35
15.72,85.17,83.10,5.94,4.35
nan,nan,nan,nan,nan
15.74,85.17,87.40,5.76,4.37
15.75,85.17,85.20,6.06,4.37
nan,nan,nan,nan,nan
15.76,85.17,83.60,6.60,4.37
nan,nan,nan,nan,nan
15.77,85.17,85.20,6.96,4.37
15.78,85.17,85.20,6.18,4.35
nan,nan,nan,nan,nan
15.79,85.17,84.10,5.52,4.45
15.80,85.17,86.90,5.88,4.48
nan,nan,nan,nan,nan
15.81,85.17,86.30,7.26,4.45
15.82,85.17,84.10,6.78,4.35
nan,nan,nan,nan,nan
15.83,85.17,84.10,7.56,4.24
15.84,85.17,84.70,4.92,4.35
nan,nan,nan,nan,nan
15.85,85.17,87.90,5.76,4.43
nan,nan,nan,nan,nan
15.86,85.17,85.20,6.96,4.43
15.87,85.17,84.70,6.06,4.43
nan,nan,nan,nan,nan
15.88,85.17,85.80,6.66,4.35
15.89,85.17,84.70,5.88,4.35
nan,nan,nan,nan,nan
15.90,85.17,86.90,5.34,4.43
nan,nan,nan,nan,nan
15.91,85.17,85.80,6.84,4.45
15.92,85.17,87.90,6.84,4.45
nan,nan,nan,nan,nan
15.94,85.17,84.10,6.00,4.43
15.95,85.17,82.50,5.88,4.43
nan,nan,nan,nan,nan
15.96,85.17,87.90,7.08,4.41
nan,nan,nan,nan,nan
15.97,85.17,86.30,5.82,4.41
15.98,85.17,86.30,5.88,4.52
nan,nan,nan,nan,nan
15.99,85.17,85.80,7.02,4.52
16.00,85.17,85.20,6.24,4.50
nan,nan,nan,nan,nan
16.01,85.17,85.20,7.62,4.48
16.02,85.17,84.70,6.96,4.48
nan,nan,nan,nan,nan
16.03,85.17,87.40,6.90,4.48
nan,nan,nan,nan,nan
16.04,85.17,85.80,6.84,4.45
16.05,85.17,84.10,5.16,4.54
nan,nan,nan,nan,nan
16.06,85.17,87.40,6.48,4.54
16.07,85.17,85.80,7.56,4.54
nan,nan,nan,nan,nan
16.08,85.17,82.50,6.90,4.54
16.09,85.17,84.10,6.78,4.52
nan,nan,nan,nan,nan
16.10,85.17,85.80,5.82,4.52
16.11,85.17,85.20,6.84,4.50
nan,nan,nan,nan,nan
16.12,85.17,84.10,6.36,4.48
nan,nan,nan,nan,nan
16.13,85.17,86.90,5.64,4.56
16.14,85.17,85.20,6.78,4.65
nan,nan,nan,nan,nan
16.15,85.17,83.60,6.78,4.62
16.16,85.17,87.40,8.82,4.52
nan,nan,nan,nan,nan
16.18,85.17,86.30,7.68,4.43
16.19,85.17,86.90,5.76,4.52
nan,nan,nan,nan,nan
16.20,85.17,87.40,5.76,4.60
16.21,85.17,86.30,5.88,4.69
nan,nan,nan,nan,nan
16.22,85.17,82.50,6.84,4.67
nan,nan,nan,nan,nan
16.23,85.17,84.70,8.58,4.56
16.24,85.17,83.60,6.72,4.54
nan,nan,nan,nan,nan
16.25,85.17,83.60,5.76,4.56
16.26,85.17,86.90,6.30,4.65
nan,nan,nan,nan,nan
16.27,85.17,86.30,6.00,4.71
16.28,85.17,84.10,7.68,4.60
nan,nan,nan,nan,nan
16.29,85.17,89.00,8.28,4.48
nan,nan,nan,nan,nan
16.30,85.17,86.30,6.36,4.56
16.31,85.17,85.80,6.30,4.65
nan,nan,nan,nan,nan
16.32,85.17,83.10,6.54,4.67
16.33,85.17,87.40,6.78,4.65
nan,nan,nan,nan,nan
16.34,85.17,83.60,6.66,4.62
16.35,85.17,86.30,6.06,4.60
nan,nan,nan,nan,nan
16.36,85.17,84.10,5.70,4.69
16.37,85.17,85.20,8.04,4.67
nan,nan,nan,nan,nan
16.38,85.17,85.80,7.02,4.65
nan,nan,nan,nan,nan
16.39,85.17,85.20,6.90,4.62
16.40,85.17,85.20,5.10,4.73
nan,nan,nan,nan,nan
16.41,85.17,85.20,6.06,4.71
16.43,85.17,85.80,7.56,4.69
nan,nan,nan,nan,nan
16.44,85.17,83.60,7.44,4.67
nan,nan,nan,nan,nan
16.45,85.17,84.70,7.56,4.65
16.46,85.17,85.20,6.72,4.71
nan,nan,nan,nan,nan
16.47,85.17,87.90,6.84,4.71
16.48,85.17,85.80,5.64,4.79
nan,nan,nan,nan,nan
16.49,85.17,84.10,7.14,4.77
16.50,85.17,85.20,8.76,4.65
nan,nan,nan,nan,nan
16.51,85.17,85.80,7.02,4.62
nan,nan,nan,nan,nan
16.52,85.17,88.50,6.30,4.71
16.53,85.17,84.70,5.88,4.79
nan,nan,nan,nan,nan
16.54,85.17,84.10,7.80,4.69
16.55,85.17,86.90,6.54,4.67
nan,nan,nan,nan,nan
16.56,85.17,85.80,5.88,4.75
16.57,85.17,83.60,5.94,4.82
nan,nan,nan,nan,nan
16.58,85.17,85.80,7.02,4.79
nan,nan,nan,nan,nan
16.59,85.17,85.20,7.74,4.67
16.61,85.17,84.70,6.24,4.69
nan,nan,nan,nan,nan
16.62,85.17,85.80,6.66,4.67
16.63,85.17,85.20,5.52,4.73
nan,nan,nan,nan,nan
16.64,85.17,85.20,5.82,4.82
nan,nan,nan,nan,nan
16.65,85.17,84.10,7.98,4.79
16.66,85.17,88.50,6.84,4.77
nan,nan,nan,nan,nan
16.67,85.17,85.20,7.20,4.67
16.68,85.17,83.10,5.76,4.75
nan,nan,nan,nan,nan
16.69,85.17,85.20,5.88,4.82
16.70,85.17,85.80,6.78,4.79
nan,nan,nan,nan,nan
16.71,85.17,85.80,7.14,4.77
16.72,85.17,85.80,7.08,4.75
nan,nan,nan,nan,nan
16.73,85.17,84.70,6.72,4.82
nan,nan,nan,nan,nan
16.74,85.17,85.80,6.12,4.88
16.75,85.17,85.20,5.82,4.86
nan,nan,nan,nan,nan
16.76,85.17,83.60,8.28,4.75
16.77,85.17,86.30,6.72,4.73
nan,nan,nan,nan,nan
16.78,85.17,85.20,7.14,4.71
16.79,85.17,84.70,6.78,4.77
nan,nan,nan,nan,nan
16.80,85.17,86.30,6.00,4.86
16.81,85.17,86.90,6.90,4.84
nan,nan,nan,nan,nan
16.82,85.17,84.70,7.02,4.79
nan,nan,nan,nan,nan
16.83,85.17,86.90,7.68,4.71
16.84,85.17,86.90,5.76,4.77
nan,nan,nan,nan,nan
16.86,85.17,84.70,7.14,4.86
16.87,85.17,85.80,7.80,4.84
nan,nan,nan,nan,nan
16.88,85.17,84.10,6.78,4.79
16.89,85.17,84.10,6.66,4.77
nan,nan,nan,nan,nan
16.90,85.17,84.70,6.66,4.75
nan,nan,nan,nan,nan
16.91,85.17,84.70,5.82,4.82
16.92,85.17,83.60,6.54,4.82
nan,nan,nan,nan,nan
16.93,85.17,85.80,5.82,4.88
16.94,85.17,85.80,6.12,4.96
nan,nan,nan,nan,nan
16.95,85.17,85.80,6.90,4.92
16.96,85.17,84.10,7.68,4.79
nan,nan,nan,nan,nan
16.97,85.17,84.10,6.00,4.88
nan,nan,nan,nan,nan
16.98,85.17,86.90,5.94,4.88
16.99,85.17,86.30,5.64,4.94
nan,nan,nan,nan,nan
17.00,85.17,84.10,8.40,4.90
17.01,85.17,84.70,7.44,4.77
nan,nan,nan,nan,nan
17.02,85.17,86.30,6.54,4.75
17.03,85.17,85.80,5.88,4.84
nan,nan,nan,nan,nan
17.04,85.17,85.20,5.58,4.92
nan,nan,nan,nan,nan
17.05,85.17,86.90,6.72,4.90
17.06,85.17,85.80,7.98,4.86
nan,nan,nan,nan,nan
17.08,85.17,83.60,7.44,4.73
17.09,85.17,86.30,5.88,4.82
nan,nan,nan,nan,nan
17.10,85.17,85.80,6.54,4.79
17.11,85.17,85.20,5.88,4.86
nan,nan,nan,nan,nan
17.12,85.17,86.30,6.84,4.84
nan,nan,nan,nan,nan
17.13,85.17,85.20,6.84,4.82
17.14,85.17,83.60,6.60,4.88
nan,nan,nan,nan,nan
17.15,85.17,85.20,8.22,4.86
17.16,85.17,85.20,7.74,4.84
nan,nan,nan,nan,nan
17.17,85.17,84.70,6.36,4.92
17.18,85.17,87.90,6.72,4.88
nan,nan,nan,nan,nan
17.19,85.17,85.80,6.72,4.86
17.20,85.17,86.90,6.78,4.82
nan,nan,nan,nan,nan
17.21,85.17,86.90,6.06,4.90
nan,nan,nan,nan,nan
17.22,85.17,85.20,7.74,4.86
17.23,85.17,85.20,5.88,4.94
nan,nan,nan,nan,nan
17.24,85.17,86.90,7.26,4.84
17.25,85.17,86.30,6.66,4.79
nan,nan,nan,nan,nan
17.26,85.17,83.60,5.88,4.88
17.27,85.17,83.60,7.32,4.84
nan,nan,nan,nan,nan
17.28,85.17,86.30,6.78,4.92
17.29,85.17,84.70,7.50,4.88
nan,nan,nan,nan,nan
17.30,85.17,84.10,6.96,4.86
17.31,85.17,84.70,6.72,4.82
nan,nan,nan,nan,nan
17.32,85.17,86.90,5.88,4.90
17.33,85.17,85.80,7.14,4.86
nan,nan,nan,nan,nan
17.34,85.17,85.80,7.38,4.84
nan,nan,nan,nan,nan
17.35,85.17,85.80,6.72,4.90
17.37,85.17,86.30,7.86,4.90
nan,nan,nan,nan,nan
17.38,85.17,85.20,7.44,4.88
17.39,85.17,84.70,5.94,4.94
nan,nan,nan,nan,nan
17.40,85.17,88.50,6.90,4.90
17.41,85.17,83.10,6.18,4.88
nan,nan,nan,nan,nan
17.42,85.17,84.10,5.88,4.94
17.43,85.17,87.90,6.96,4.92
nan,nan,nan,nan,nan
17.44,85.17,84.70,6.66,4.99
nan,nan,nan,nan,nan
17.45,85.17,86.30,7.80,4.96
17.46,85.17,85.20,7.14,4.94
nan,nan,nan,nan,nan
17.47,85.17,83.10,6.06,5.01
17.48,85.17,85.20,6.48,4.96
nan,nan,nan,nan,nan
17.49,85.17,85.80,6.78,4.94
17.50,85.17,84.70,5.88,5.01
nan,nan,nan,nan,nan
17.51,85.17,82.50,6.72,4.96
nan,nan,nan,nan,nan
17.52,85.17,86.90,6.78,4.94
17.53,85.17,84.70,6.66,4.92
nan,nan,nan,nan,nan
17.54,85.17,85.20,5.94,4.99
17.55,85.17,84.70,6.42,5.05
nan,nan,nan,nan,nan
17.56,85.17,84.70,7.08,5.01
nan,nan,nan,nan,nan
17.57,85.17,83.60,7.62,4.90
17.58,85.17,85.20,5.88,4.86
nan,nan,nan,nan,nan
17.59,85.17,85.20,3.96,5.03
17.61,85.17,84.10,7.86,5.01
nan,nan,nan,nan,nan
17.62,85.17,85.80,7.20,4.96
17.63,85.17,83.60,7.50,4.84
nan,nan,nan,nan,nan
17.64,85.17,85.20,5.70,4.90
nan,nan,nan,nan,nan
17.65,85.17,89.00,6.78,4.88
17.66,85.17,85.20,6.54,4.84
nan,nan,nan,nan,nan
17.67,85.17,84.70,5.64,4.94
17.68,85.17,85.20,7.92,4.90
nan,nan,nan,nan,nan
17.69,85.17,86.30,6.96,4.88
17.70,85.17,84.10,6.66,4.86
nan,nan,nan,nan,nan
17.71,85.17,86.90,6.66,4.82
17.72,85.17,83.10,6.72,4.79
nan,nan,nan,nan,nan
17.73,85.17,84.10,6.78,4.86
17.74,85.17,84.10,7.50,4.84
nan,nan,nan,nan,nan
17.75,85.17,84.70,6.06,4.90
nan,nan,nan,nan,nan
17.76,85.17,87.90,6.90,4.88
17.77,85.17,85.80,6.30,4.88
nan,nan,nan,nan,nan
17.78,85.17,85.20,6.42,4.84
17.79,85.17,84.70,6.36,4.92
nan,nan,nan,nan,nan
17.80,85.17,83.60,7.80,4.88
17.81,85.17,84.70,7.50,4.86
nan,nan,nan,nan,nan
17.82,85.17,86.90,7.74,4.82
17.83,85.17,81.40,5.88,4.90
nan,nan,nan,nan,nan
17.84,85.17,84.10,6.12,4.96
nan,nan,nan,nan,nan
17.85,85.17,83.10,6.90,4.96
17.86,85.17,84.70,6.78,4.92
nan,nan,nan,nan,nan
17.88,85.17,87.40,7.44,4.88
17.89,85.17,85.80,7.20,4.86
nan,nan,nan,nan,nan
17.90,85.17,84.70,6.84,4.92
17.91,85.17,84.10,6.96,4.90
nan,nan,nan,nan,nan
17.92,85.17,84.10,6.66,4.86
17.93,85.17,85.20,5.94,4.94
nan,nan,nan,nan,nan
17.94,85.17,85.80,6.72,4.90
17.95,85.17,83.10,6.72,4.88
nan,nan,nan,nan,nan
nan,nan,nan,nan,nan
nan,nan,nan,nan,nan
nan,nan,nan,nan,nan
17.98,85.17,83.10,6.84,4.88
17.99,85.17,85.20,6.00,4.94
nan,nan,nan,nan,nan
18.00,85.17,84.70,6.00,5.01
